seccion;grupo;familia;subfam;auxsbf;descripm
10;0;0;0;10000;CAT.10000
10;0;0;1;10001;CAT.10001
10;0;1;0;10010;CAT.10010
10;0;1;1;10011;CAT.10011
10;0;1;2;10012;CAT.10012
10;0;1;3;10013;CAT.10013
10;0;2;0;10020;CAT.10020
10;0;2;1;10021;CAT.10021
10;0;3;0;10030;CAT.10030
10;0;3;1;10031;CAT.10031
10;0;3;2;10032;CAT.10032
10;0;3;3;10033;CAT.10033
10;0;3;4;10034;CAT.10034
10;0;4;0;10040;CAT.10040
10;0;4;1;10041;CAT.10041
10;0;4;2;10042;CAT.10042
10;0;4;3;10043;CAT.10043
10;1;0;0;10100;CAT.10100
10;1;0;1;10101;CAT.10101
10;1;1;0;10110;CAT.10110
10;1;1;1;10111;CAT.10111
10;1;1;2;10112;CAT.10112
10;1;1;3;10113;CAT.10113
10;1;2;0;10120;CAT.10120
10;1;2;1;10121;CAT.10121
10;1;2;2;10122;CAT.10122
10;1;2;3;10123;CAT.10123
10;1;2;4;10124;CAT.10124
10;1;2;5;10125;CAT.10125
10;1;3;0;10130;CAT.10130
10;1;3;1;10131;CAT.10131
10;1;3;2;10132;CAT.10132
10;1;3;3;10133;CAT.10133
10;1;3;4;10134;CAT.10134
10;1;3;5;10135;CAT.10135
10;1;3;6;10136;CAT.10136
10;1;4;0;10140;CAT.10140
10;1;4;1;10141;CAT.10141
10;1;4;2;10142;CAT.10142
10;1;4;3;10143;CAT.10143
10;1;4;4;10144;CAT.10144
10;1;4;5;10145;CAT.10145
10;1;4;6;10146;CAT.10146
10;1;4;7;10147;CAT.10147
10;1;5;0;10150;CAT.10150
10;1;5;1;10151;CAT.10151
10;1;5;2;10152;CAT.10152
10;1;5;3;10153;CAT.10153
10;1;5;4;10154;CAT.10154
10;1;6;0;10160;CAT.10160
10;1;6;1;10161;CAT.10161
10;1;6;2;10162;CAT.10162
10;1;7;0;10170;CAT.10170
10;1;7;1;10171;CAT.10171
10;2;0;0;10200;CAT.10200
10;2;0;1;10201;CAT.10201
10;2;0;2;10202;CAT.10202
10;2;1;0;10210;CAT.10210
10;2;1;1;10211;CAT.10211
10;2;1;2;10212;CAT.10212
10;2;2;0;10220;CAT.10220
10;2;2;1;10221;CAT.10221
10;2;2;2;10222;CAT.10222
10;2;2;3;10223;CAT.10223
10;2;2;4;10224;CAT.10224
10;2;2;5;10225;CAT.10225
10;2;3;0;10230;CAT.10230
10;2;3;1;10231;CAT.10231
10;2;4;0;10240;CAT.10240
10;2;4;1;10241;CAT.10241
10;2;5;0;10250;CAT.10250
10;2;5;1;10251;CAT.10251
10;2;5;2;10252;CAT.10252
10;2;5;3;10253;CAT.10253
10;2;5;4;10254;CAT.10254
10;3;0;2;10302;CAT.10302
10;3;0;3;10303;CAT.10303
10;3;1;0;10310;CAT.10310
10;3;1;1;10311;CAT.10311
10;3;2;0;10320;CAT.10320
10;3;2;1;10321;CAT.10321
10;3;3;0;10330;CAT.10330
10;3;3;1;10331;CAT.10331
10;3;4;0;10340;CAT.10340
10;3;4;1;10341;CAT.10341
10;3;4;2;10342;CAT.10342
10;4;0;0;10400;CAT.10400
10;4;0;1;10401;CAT.10401
10;4;1;2;10412;CAT.10412
10;4;1;3;10413;CAT.10413
10;4;2;0;10420;CAT.10420
10;4;2;1;10421;CAT.10421
10;4;2;2;10422;CAT.10422
10;4;3;0;10430;CAT.10430
10;4;3;1;10431;CAT.10431
10;4;9;9;10499;CAT.10499
10;5;0;0;10500;CAT.10500
10;5;0;1;10501;CAT.10501
10;5;0;2;10502;CAT.10502
10;5;1;0;10510;CAT.10510
10;5;1;1;10511;CAT.10511
10;5;1;2;10512;CAT.10512
10;5;2;0;10520;CAT.10520
10;5;2;1;10521;CAT.10521
10;5;2;2;10522;CAT.10522
10;5;3;0;10530;CAT.10530
10;5;3;1;10531;CAT.10531
10;5;3;2;10532;CAT.10532
10;5;4;0;10540;CAT.10540
10;5;4;1;10541;CAT.10541
10;5;4;2;10542;CAT.10542
10;5;6;0;10560;CAT.10560
10;5;6;1;10561;CAT.10561
10;6;0;0;10600;CAT.10600
10;6;0;1;10601;CAT.10601
10;6;0;2;10602;CAT.10602
10;6;1;0;10610;CAT.10610
10;6;1;1;10611;CAT.10611
10;6;1;2;10612;CAT.10612
10;6;2;0;10620;CAT.10620
10;6;2;1;10621;CAT.10621
10;6;2;2;10622;CAT.10622
10;6;3;0;10630;CAT.10630
10;6;3;1;10631;CAT.10631
10;6;3;2;10632;CAT.10632
10;6;4;0;10640;CAT.10640
10;6;4;1;10641;CAT.10641
10;6;4;2;10642;CAT.10642
10;6;5;0;10650;CAT.10650
10;6;5;1;10651;CAT.10651
10;6;6;0;10660;CAT.10660
10;6;7;0;10670;CAT.10670
10;6;7;1;10671;CAT.10671
10;6;8;0;10680;CAT.10680
10;6;8;1;10681;CAT.10681
10;6;8;2;10682;CAT.10682
10;6;9;0;10690;CAT.10690
10;6;9;1;10691;CAT.10691
10;6;9;2;10692;CAT.10692
10;6;9;3;10693;CAT.10693
10;6;9;4;10694;CAT.10694
10;6;9;5;10695;CAT.10695
10;6;9;6;10696;CAT.10696
10;6;9;7;10697;CAT.10697
10;6;9;8;10698;CAT.10698
10;6;9;9;10699;CAT.10699
10;7;0;0;10700;CAT.10700
10;7;0;1;10701;CAT.10701
10;7;0;2;10702;CAT.10702
10;7;1;0;10710;CAT.10710
10;7;1;1;10711;CAT.10711
10;7;1;2;10712;CAT.10712
10;7;2;0;10720;CAT.10720
10;7;2;1;10721;CAT.10721
10;7;2;2;10722;CAT.10722
10;7;3;0;10730;CAT.10730
10;7;3;1;10731;CAT.10731
10;7;3;2;10732;CAT.10732
10;7;4;0;10740;CAT.10740
10;7;4;1;10741;CAT.10741
10;7;4;2;10742;CAT.10742
10;7;5;0;10750;CAT.10750
10;7;5;1;10751;CAT.10751
10;7;5;2;10752;CAT.10752
10;7;6;0;10760;CAT.10760
10;7;6;1;10761;CAT.10761
10;7;6;2;10762;CAT.10762
10;7;6;3;10763;CAT.10763
10;7;6;4;10764;CAT.10764
10;7;6;5;10765;CAT.10765
10;7;6;6;10766;CAT.10766
10;7;7;0;10770;CAT.10770
10;7;7;1;10771;CAT.10771
10;7;7;2;10772;CAT.10772
10;7;7;3;10773;CAT.10773
10;7;7;4;10774;CAT.10774
10;7;7;5;10775;CAT.10775
10;7;7;6;10776;CAT.10776
10;7;7;7;10777;CAT.10777
10;7;7;8;10778;CAT.10778
10;7;8;0;10780;CAT.10780
10;7;8;1;10781;CAT.10781
10;7;8;2;10782;CAT.10782
10;7;8;3;10783;CAT.10783
10;7;8;4;10784;CAT.10784
10;7;8;5;10785;CAT.10785
10;7;8;6;10786;CAT.10786
10;7;8;7;10787;CAT.10787
10;7;8;8;10788;CAT.10788
10;7;8;9;10789;CAT.10789
10;7;9;0;10790;CAT.10790
10;7;9;1;10791;CAT.10791
10;7;9;2;10792;CAT.10792
10;7;9;3;10793;CAT.10793
10;7;9;4;10794;CAT.10794
10;7;9;5;10795;CAT.10795
10;7;9;6;10796;CAT.10796
10;7;9;7;10797;CAT.10797
10;7;9;8;10798;CAT.10798
10;7;9;9;10799;CAT.10799
10;8;0;0;10800;CAT.10800
10;8;0;1;10801;CAT.10801
10;8;0;2;10802;CAT.10802
10;8;0;3;10803;CAT.10803
10;8;0;4;10804;CAT.10804
10;8;1;0;10810;CAT.10810
10;8;1;1;10811;CAT.10811
10;8;2;0;10820;CAT.10820
10;8;3;0;10830;CAT.10830
10;8;3;1;10831;CAT.10831
10;8;3;2;10832;CAT.10832
10;8;3;3;10833;CAT.10833
10;8;3;4;10834;CAT.10834
10;8;3;5;10835;CAT.10835
10;8;3;6;10836;CAT.10836
10;8;3;7;10837;CAT.10837
10;8;3;8;10838;CAT.10838
10;9;0;0;10900;CAT.10900
10;9;0;1;10901;CAT.10901
10;9;0;2;10902;CAT.10902
10;9;0;3;10903;CAT.10903
10;9;0;4;10904;CAT.10904
10;9;0;5;10905;CAT.10905
10;9;1;0;10910;CAT.10910
10;9;1;1;10911;CAT.10911
10;9;2;0;10920;CAT.10920
10;9;2;1;10921;CAT.10921
10;9;2;2;10922;CAT.10922
10;9;3;0;10930;CAT.10930
10;9;3;1;10931;CAT.10931
10;9;4;0;10940;CAT.10940
10;9;4;1;10941;CAT.10941
10;9;4;2;10942;CAT.10942
10;9;4;3;10943;CAT.10943
10;9;4;4;10944;CAT.10944
10;9;5;0;10950;CAT.10950
10;9;5;1;10951;CAT.10951
10;9;6;0;10960;CAT.10960
10;9;6;1;10961;CAT.10961
10;9;6;2;10962;CAT.10962
10;9;6;3;10963;CAT.10963
10;9;7;0;10970;CAT.10970
10;9;7;1;10971;CAT.10971
10;9;7;2;10972;CAT.10972
10;9;7;3;10973;CAT.10973
10;9;7;4;10974;CAT.10974
10;9;8;0;10980;CAT.10980
10;9;8;1;10981;CAT.10981
10;9;8;2;10982;CAT.10982
10;9;9;0;10990;CAT.10990
10;9;9;1;10991;CAT.10991
10;9;9;2;10992;CAT.10992
10;9;9;3;10993;CAT.10993
10;9;9;4;10994;CAT.10994
11;0;1;1;11011;CAT.11011
11;0;1;2;11012;CAT.11012
11;0;1;3;11013;CAT.11013
11;0;1;4;11014;CAT.11014
11;0;2;1;11021;CAT.11021
11;0;2;2;11022;CAT.11022
11;0;2;3;11023;CAT.11023
11;0;3;1;11031;CAT.11031
11;0;3;2;11032;CAT.11032
11;0;3;3;11033;CAT.11033
11;0;3;4;11034;CAT.11034
11;0;3;5;11035;CAT.11035
11;0;4;1;11041;CAT.11041
11;0;4;2;11042;CAT.11042
11;0;4;3;11043;CAT.11043
11;0;5;1;11051;CAT.11051
11;0;5;2;11052;CAT.11052
11;0;5;3;11053;CAT.11053
11;0;5;4;11054;CAT.11054
11;0;6;0;11060;CAT.11060
11;0;6;1;11061;CAT.11061
11;1;1;1;11111;CAT.11111
11;1;1;2;11112;CAT.11112
11;1;1;3;11113;CAT.11113
11;1;1;4;11114;CAT.11114
11;1;2;1;11121;CAT.11121
11;1;2;2;11122;CAT.11122
11;1;2;3;11123;CAT.11123
11;1;2;4;11124;CAT.11124
11;1;2;5;11125;CAT.11125
11;1;2;6;11126;CAT.11126
11;1;2;7;11127;CAT.11127
11;1;3;1;11131;CAT.11131
11;1;3;2;11132;CAT.11132
11;1;3;3;11133;CAT.11133
11;1;3;4;11134;CAT.11134
11;1;3;5;11135;CAT.11135
11;1;3;6;11136;CAT.11136
11;1;3;7;11137;CAT.11137
11;1;3;8;11138;CAT.11138
11;1;3;9;11139;CAT.11139
11;1;4;0;11140;CAT.11140
11;1;4;1;11141;CAT.11141
11;1;4;2;11142;CAT.11142
11;1;4;3;11143;CAT.11143
11;1;4;4;11144;CAT.11144
11;1;4;5;11145;CAT.11145
11;1;4;6;11146;CAT.11146
11;1;4;7;11147;CAT.11147
11;1;4;8;11148;CAT.11148
11;1;4;9;11149;CAT.11149
11;1;5;1;11151;CAT.11151
11;1;5;2;11152;CAT.11152
11;1;5;3;11153;CAT.11153
11;1;5;4;11154;CAT.11154
11;1;5;5;11155;CAT.11155
11;1;5;6;11156;CAT.11156
11;1;5;7;11157;CAT.11157
11;1;5;8;11158;CAT.11158
11;1;6;1;11161;CAT.11161
11;1;6;2;11162;CAT.11162
11;1;6;3;11163;CAT.11163
11;1;6;4;11164;CAT.11164
11;1;7;1;11171;CAT.11171
11;1;7;2;11172;CAT.11172
11;1;8;1;11181;CAT.11181
11;1;8;2;11182;CAT.11182
11;1;8;3;11183;CAT.11183
11;1;8;4;11184;CAT.11184
11;1;8;5;11185;CAT.11185
11;1;8;6;11186;CAT.11186
11;1;8;7;11187;CAT.11187
11;1;9;1;11191;CAT.11191
11;1;9;2;11192;CAT.11192
11;1;9;3;11193;CAT.11193
11;1;9;4;11194;CAT.11194
11;1;9;5;11195;CAT.11195
11;2;0;0;11200;CAT.11200
11;2;0;1;11201;CAT.11201
11;2;0;2;11202;CAT.11202
11;2;0;3;11203;CAT.11203
11;2;0;4;11204;CAT.11204
11;2;0;5;11205;CAT.11205
11;2;0;6;11206;CAT.11206
11;2;0;7;11207;CAT.11207
11;2;0;8;11208;CAT.11208
11;2;0;9;11209;CAT.11209
11;2;1;1;11211;CAT.11211
11;2;1;2;11212;CAT.11212
11;2;1;3;11213;CAT.11213
11;2;2;1;11221;CAT.11221
11;2;2;2;11222;CAT.11222
11;2;2;3;11223;CAT.11223
11;2;2;4;11224;CAT.11224
11;2;2;5;11225;CAT.11225
11;2;2;6;11226;CAT.11226
11;2;2;7;11227;CAT.11227
11;2;2;8;11228;CAT.11228
11;2;2;9;11229;CAT.11229
11;2;3;1;11231;CAT.11231
11;2;3;2;11232;CAT.11232
11;2;3;3;11233;CAT.11233
11;2;3;4;11234;CAT.11234
11;2;3;5;11235;CAT.11235
11;2;3;6;11236;CAT.11236
11;2;4;1;11241;CAT.11241
11;2;4;2;11242;CAT.11242
11;2;4;3;11243;CAT.11243
11;2;4;4;11244;CAT.11244
11;2;4;5;11245;CAT.11245
11;2;4;6;11246;CAT.11246
11;2;4;7;11247;CAT.11247
11;2;4;8;11248;CAT.11248
11;2;4;9;11249;CAT.11249
11;2;5;1;11251;CAT.11251
11;2;5;2;11252;CAT.11252
11;2;5;3;11253;CAT.11253
11;2;5;4;11254;CAT.11254
11;2;5;5;11255;CAT.11255
11;2;5;6;11256;CAT.11256
11;2;5;7;11257;CAT.11257
11;2;5;8;11258;CAT.11258
11;2;6;1;11261;CAT.11261
11;2;6;2;11262;CAT.11262
11;2;7;0;11270;CAT.11270
11;2;7;1;11271;CAT.11271
11;2;7;2;11272;CAT.11272
11;2;7;3;11273;CAT.11273
11;2;7;4;11274;CAT.11274
11;2;7;5;11275;CAT.11275
11;2;7;6;11276;CAT.11276
11;2;7;7;11277;CAT.11277
11;2;7;8;11278;CAT.11278
11;2;7;9;11279;CAT.11279
11;2;8;1;11281;CAT.11281
11;2;8;2;11282;CAT.11282
11;2;8;3;11283;CAT.11283
11;2;9;0;11290;CAT.11290
11;2;9;1;11291;CAT.11291
11;2;9;2;11292;CAT.11292
11;2;9;3;11293;CAT.11293
11;2;9;4;11294;CAT.11294
11;2;9;5;11295;CAT.11295
11;2;9;6;11296;CAT.11296
11;2;9;7;11297;CAT.11297
11;2;9;8;11298;CAT.11298
11;2;9;9;11299;CAT.11299
11;3;1;1;11311;CAT.11311
11;3;1;2;11312;CAT.11312
11;3;1;3;11313;CAT.11313
11;3;2;1;11321;CAT.11321
11;3;2;2;11322;CAT.11322
11;3;2;3;11323;CAT.11323
11;3;2;4;11324;CAT.11324
11;3;2;5;11325;CAT.11325
11;3;2;6;11326;CAT.11326
11;3;3;1;11331;CAT.11331
11;3;3;2;11332;CAT.11332
11;3;3;3;11333;CAT.11333
11;3;3;4;11334;CAT.11334
11;3;3;5;11335;CAT.11335
11;3;3;6;11336;CAT.11336
11;3;3;7;11337;CAT.11337
11;3;4;1;11341;CAT.11341
11;3;4;2;11342;CAT.11342
11;3;4;3;11343;CAT.11343
11;3;4;4;11344;CAT.11344
11;3;4;5;11345;CAT.11345
11;3;4;6;11346;CAT.11346
11;3;4;7;11347;CAT.11347
11;3;4;8;11348;CAT.11348
11;3;5;1;11351;CAT.11351
11;3;5;2;11352;CAT.11352
11;3;5;3;11353;CAT.11353
11;3;5;4;11354;CAT.11354
11;3;5;5;11355;CAT.11355
11;3;5;6;11356;CAT.11356
11;4;1;1;11411;CAT.11411
11;4;1;2;11412;CAT.11412
11;4;1;3;11413;CAT.11413
11;4;1;4;11414;CAT.11414
11;4;1;5;11415;CAT.11415
11;4;2;1;11421;CAT.11421
11;4;2;2;11422;CAT.11422
11;4;2;3;11423;CAT.11423
11;4;2;4;11424;CAT.11424
11;4;3;1;11431;CAT.11431
11;4;3;2;11432;CAT.11432
11;4;3;3;11433;CAT.11433
11;4;3;4;11434;CAT.11434
11;4;4;1;11441;CAT.11441
11;4;4;2;11442;CAT.11442
11;4;4;3;11443;CAT.11443
11;4;4;4;11444;CAT.11444
11;4;4;5;11445;CAT.11445
11;4;4;6;11446;CAT.11446
11;4;4;7;11447;CAT.11447
11;4;4;8;11448;CAT.11448
11;4;4;9;11449;CAT.11449
11;4;5;1;11451;CAT.11451
11;4;5;2;11452;CAT.11452
11;4;5;3;11453;CAT.11453
11;4;5;4;11454;CAT.11454
11;4;5;5;11455;CAT.11455
11;4;5;6;11456;CAT.11456
11;4;5;7;11457;CAT.11457
11;4;5;8;11458;CAT.11458
11;4;5;9;11459;CAT.11459
11;4;6;1;11461;CAT.11461
11;4;9;9;11499;CAT.11499
11;5;1;1;11511;CAT.11511
11;5;1;2;11512;CAT.11512
11;5;2;1;11521;CAT.11521
11;5;2;2;11522;CAT.11522
11;5;2;3;11523;CAT.11523
11;5;2;4;11524;CAT.11524
11;5;3;1;11531;CAT.11531
11;5;3;2;11532;CAT.11532
11;5;4;1;11541;CAT.11541
11;5;4;2;11542;CAT.11542
11;5;4;3;11543;CAT.11543
11;5;4;4;11544;CAT.11544
11;5;5;1;11551;CAT.11551
11;5;5;2;11552;CAT.11552
11;5;6;1;11561;CAT.11561
11;5;6;2;11562;CAT.11562
11;5;6;3;11563;CAT.11563
11;5;6;4;11564;CAT.11564
11;5;6;5;11565;CAT.11565
11;5;7;1;11571;CAT.11571
11;5;7;2;11572;CAT.11572
11;5;7;3;11573;CAT.11573
11;5;8;1;11581;CAT.11581
11;5;8;2;11582;CAT.11582
11;5;9;1;11591;CAT.11591
11;5;9;2;11592;CAT.11592
11;5;9;3;11593;CAT.11593
11;5;9;4;11594;CAT.11594
11;5;9;5;11595;CAT.11595
11;6;1;1;11611;CAT.11611
11;6;1;2;11612;CAT.11612
11;6;1;3;11613;CAT.11613
11;6;1;4;11614;CAT.11614
11;6;1;5;11615;CAT.11615
11;6;2;1;11621;CAT.11621
11;6;2;2;11622;CAT.11622
11;6;2;3;11623;CAT.11623
11;6;3;1;11631;CAT.11631
11;6;3;2;11632;CAT.11632
11;6;3;3;11633;CAT.11633
11;6;3;4;11634;CAT.11634
11;6;3;5;11635;CAT.11635
11;6;4;1;11641;CAT.11641
11;6;4;2;11642;CAT.11642
11;6;5;1;11651;CAT.11651
11;6;5;2;11652;CAT.11652
11;6;6;0;11660;CAT.11660
11;6;6;1;11661;CAT.11661
11;6;6;2;11662;CAT.11662
11;7;1;1;11711;CAT.11711
11;7;1;2;11712;CAT.11712
11;7;2;1;11721;CAT.11721
11;7;2;2;11722;CAT.11722
11;7;2;3;11723;CAT.11723
11;7;2;4;11724;CAT.11724
11;7;2;5;11725;CAT.11725
11;7;2;6;11726;CAT.11726
11;7;2;7;11727;CAT.11727
11;7;2;8;11728;CAT.11728
11;7;2;9;11729;CAT.11729
11;7;3;1;11731;CAT.11731
11;7;3;2;11732;CAT.11732
11;7;3;3;11733;CAT.11733
11;7;4;1;11741;CAT.11741
11;7;4;2;11742;CAT.11742
11;7;4;3;11743;CAT.11743
11;8;1;1;11811;CAT.11811
11;8;1;2;11812;CAT.11812
11;8;1;3;11813;CAT.11813
11;8;1;4;11814;CAT.11814
11;8;1;5;11815;CAT.11815
11;8;2;1;11821;CAT.11821
11;8;2;2;11822;CAT.11822
11;8;2;3;11823;CAT.11823
11;8;3;1;11831;CAT.11831
11;8;3;2;11832;CAT.11832
11;8;3;3;11833;CAT.11833
11;8;3;4;11834;CAT.11834
11;8;4;1;11841;CAT.11841
11;8;4;2;11842;CAT.11842
11;8;4;3;11843;CAT.11843
11;8;4;4;11844;CAT.11844
11;8;4;5;11845;CAT.11845
11;8;4;6;11846;CAT.11846
11;8;4;7;11847;CAT.11847
11;8;5;1;11851;CAT.11851
11;8;5;2;11852;CAT.11852
11;8;5;3;11853;CAT.11853
11;8;5;4;11854;CAT.11854
11;8;5;5;11855;CAT.11855
11;8;5;6;11856;CAT.11856
11;8;5;7;11857;CAT.11857
11;8;6;0;11860;CAT.11860
11;8;6;1;11861;CAT.11861
11;8;6;2;11862;CAT.11862
11;8;6;3;11863;CAT.11863
11;8;6;4;11864;CAT.11864
11;8;6;5;11865;CAT.11865
11;8;6;6;11866;CAT.11866
11;8;6;7;11867;CAT.11867
11;8;6;8;11868;CAT.11868
11;8;6;9;11869;CAT.11869
11;8;7;1;11871;CAT.11871
11;8;8;0;11880;CAT.11880
11;8;8;1;11881;CAT.11881
11;8;8;2;11882;CAT.11882
11;8;8;3;11883;CAT.11883
11;8;8;4;11884;CAT.11884
11;8;8;5;11885;CAT.11885
11;8;8;6;11886;CAT.11886
11;8;8;7;11887;CAT.11887
11;8;8;8;11888;CAT.11888
11;8;8;9;11889;CAT.11889
11;9;1;0;11910;CAT.11910
11;9;1;1;11911;CAT.11911
11;9;1;2;11912;CAT.11912
11;9;1;3;11913;CAT.11913
11;9;1;4;11914;CAT.11914
11;9;1;5;11915;CAT.11915
11;9;1;6;11916;CAT.11916
11;9;1;7;11917;CAT.11917
11;9;1;8;11918;CAT.11918
11;9;1;9;11919;CAT.11919
11;9;2;1;11921;CAT.11921
11;9;2;2;11922;CAT.11922
11;9;2;3;11923;CAT.11923
11;9;2;4;11924;CAT.11924
11;9;2;5;11925;CAT.11925
11;9;2;6;11926;CAT.11926
11;9;2;7;11927;CAT.11927
11;9;2;8;11928;CAT.11928
11;9;2;9;11929;CAT.11929
11;9;3;1;11931;CAT.11931
11;9;3;2;11932;CAT.11932
11;9;3;3;11933;CAT.11933
11;9;3;4;11934;CAT.11934
11;9;3;5;11935;CAT.11935
11;9;3;6;11936;CAT.11936
11;9;3;7;11937;CAT.11937
11;9;3;8;11938;CAT.11938
11;9;4;1;11941;CAT.11941
11;9;4;2;11942;CAT.11942
11;9;4;3;11943;CAT.11943
11;9;5;1;11951;CAT.11951
11;9;5;2;11952;CAT.11952
11;9;5;3;11953;CAT.11953
11;9;6;1;11961;CAT.11961
11;9;7;1;11971;CAT.11971
11;9;7;2;11972;CAT.11972
11;9;7;3;11973;CAT.11973
11;9;8;1;11981;CAT.11981
11;9;8;2;11982;CAT.11982
11;9;9;1;11991;CAT.11991
11;9;9;2;11992;CAT.11992
13;1;1;1;13111;CAT.13111
13;1;1;2;13112;CAT.13112
13;1;1;3;13113;CAT.13113
13;1;1;4;13114;CAT.13114
13;1;1;5;13115;CAT.13115
13;1;1;6;13116;CAT.13116
13;1;1;7;13117;CAT.13117
13;1;1;8;13118;CAT.13118
13;1;2;1;13121;CAT.13121
13;1;2;2;13122;CAT.13122
13;1;2;3;13123;CAT.13123
13;1;2;4;13124;CAT.13124
13;1;2;5;13125;CAT.13125
13;1;2;6;13126;CAT.13126
13;1;2;7;13127;CAT.13127
13;1;3;1;13131;CAT.13131
13;1;3;2;13132;CAT.13132
13;1;3;3;13133;CAT.13133
13;1;3;4;13134;CAT.13134
13;1;3;5;13135;CAT.13135
13;1;3;6;13136;CAT.13136
13;1;3;7;13137;CAT.13137
13;1;3;8;13138;CAT.13138
13;1;3;9;13139;CAT.13139
13;1;4;1;13141;CAT.13141
13;1;4;2;13142;CAT.13142
13;1;4;3;13143;CAT.13143
13;1;4;4;13144;CAT.13144
13;1;4;5;13145;CAT.13145
13;1;4;6;13146;CAT.13146
13;1;4;7;13147;CAT.13147
13;1;4;8;13148;CAT.13148
13;1;5;1;13151;CAT.13151
13;1;5;2;13152;CAT.13152
13;1;5;3;13153;CAT.13153
13;1;5;4;13154;CAT.13154
13;1;5;5;13155;CAT.13155
13;1;5;6;13156;CAT.13156
13;1;5;7;13157;CAT.13157
13;1;5;8;13158;CAT.13158
13;1;6;1;13161;CAT.13161
13;1;6;2;13162;CAT.13162
13;1;6;3;13163;CAT.13163
13;1;7;1;13171;CAT.13171
13;1;7;2;13172;CAT.13172
13;1;7;3;13173;CAT.13173
13;2;1;1;13211;CAT.13211
13;2;1;2;13212;CAT.13212
13;2;2;1;13221;CAT.13221
13;2;2;2;13222;CAT.13222
13;2;2;3;13223;CAT.13223
13;2;2;4;13224;CAT.13224
13;2;3;1;13231;CAT.13231
13;2;3;2;13232;CAT.13232
13;2;3;3;13233;CAT.13233
13;2;4;1;13241;CAT.13241
13;2;4;2;13242;CAT.13242
13;2;4;3;13243;CAT.13243
13;2;4;4;13244;CAT.13244
13;2;4;5;13245;CAT.13245
13;2;5;1;13251;CAT.13251
13;2;5;2;13252;CAT.13252
13;2;5;3;13253;CAT.13253
13;2;6;1;13261;CAT.13261
13;2;6;2;13262;CAT.13262
13;2;6;3;13263;CAT.13263
13;2;6;4;13264;CAT.13264
13;2;7;1;13271;CAT.13271
13;2;7;2;13272;CAT.13272
13;2;7;3;13273;CAT.13273
13;3;1;1;13311;CAT.13311
13;3;1;2;13312;CAT.13312
13;3;1;3;13313;CAT.13313
13;3;2;1;13321;CAT.13321
13;3;2;2;13322;CAT.13322
13;3;3;1;13331;CAT.13331
13;3;3;2;13332;CAT.13332
13;3;4;1;13341;CAT.13341
13;3;4;2;13342;CAT.13342
13;3;5;1;13351;CAT.13351
13;3;5;2;13352;CAT.13352
13;3;5;3;13353;CAT.13353
13;3;5;4;13354;CAT.13354
13;3;6;1;13361;CAT.13361
13;4;1;1;13411;CAT.13411
13;4;1;2;13412;CAT.13412
13;4;1;3;13413;CAT.13413
13;4;1;4;13414;CAT.13414
13;4;2;1;13421;CAT.13421
13;4;2;2;13422;CAT.13422
13;4;2;3;13423;CAT.13423
13;4;2;4;13424;CAT.13424
13;4;9;9;13499;CAT.13499
13;6;1;1;13611;CAT.13611
13;6;1;2;13612;CAT.13612
13;6;1;3;13613;CAT.13613
13;6;1;4;13614;CAT.13614
13;6;1;5;13615;CAT.13615
13;6;2;1;13621;CAT.13621
13;6;2;2;13622;CAT.13622
13;6;2;3;13623;CAT.13623
13;6;2;4;13624;CAT.13624
13;6;2;5;13625;CAT.13625
13;6;3;1;13631;CAT.13631
13;6;3;2;13632;CAT.13632
13;6;4;1;13641;CAT.13641
13;6;4;2;13642;CAT.13642
13;7;1;1;13711;CAT.13711
13;7;1;2;13712;CAT.13712
13;7;2;1;13721;CAT.13721
13;7;2;2;13722;CAT.13722
13;7;2;3;13723;CAT.13723
13;7;2;4;13724;CAT.13724
13;7;2;5;13725;CAT.13725
13;7;3;1;13731;CAT.13731
13;7;3;2;13732;CAT.13732
13;7;4;1;13741;CAT.13741
13;7;4;2;13742;CAT.13742
13;7;5;1;13751;CAT.13751
13;7;5;2;13752;CAT.13752
13;7;5;3;13753;CAT.13753
13;7;5;4;13754;CAT.13754
13;7;6;1;13761;CAT.13761
13;7;6;2;13762;CAT.13762
13;7;7;1;13771;CAT.13771
13;7;7;2;13772;CAT.13772
13;7;8;0;13780;CAT.13780
13;8;0;0;13800;CAT.13800
13;8;1;0;13810;CAT.13810
13;8;1;1;13811;CAT.13811
13;8;2;0;13820;CAT.13820
13;8;2;1;13821;CAT.13821
13;8;2;2;13822;CAT.13822
13;8;2;3;13823;CAT.13823
13;8;3;0;13830;CAT.13830
13;8;3;1;13831;CAT.13831
13;8;3;2;13832;CAT.13832
13;8;3;3;13833;CAT.13833
13;8;3;4;13834;CAT.13834
13;8;3;5;13835;CAT.13835
13;8;3;6;13836;CAT.13836
13;8;3;7;13837;CAT.13837
13;8;3;8;13838;CAT.13838
13;8;3;9;13839;CAT.13839
13;8;4;0;13840;CAT.13840
13;8;4;1;13841;CAT.13841
13;8;4;2;13842;CAT.13842
13;8;5;0;13850;CAT.13850
13;8;5;1;13851;CAT.13851
13;8;5;2;13852;CAT.13852
13;8;5;3;13853;CAT.13853
13;8;6;0;13860;CAT.13860
13;8;6;1;13861;CAT.13861
13;8;6;2;13862;CAT.13862
13;8;6;3;13863;CAT.13863
13;8;6;4;13864;CAT.13864
13;8;6;5;13865;CAT.13865
13;8;6;6;13866;CAT.13866
13;8;6;7;13867;CAT.13867
13;8;6;8;13868;CAT.13868
13;8;7;0;13870;CAT.13870
13;8;7;1;13871;CAT.13871
13;8;7;2;13872;CAT.13872
13;8;8;0;13880;CAT.13880
13;8;8;1;13881;CAT.13881
13;8;9;0;13890;CAT.13890
13;8;9;1;13891;CAT.13891
13;9;0;1;13901;CAT.13901
13;9;0;2;13902;CAT.13902
13;9;0;3;13903;CAT.13903
13;9;0;4;13904;CAT.13904
13;9;1;0;13910;CAT.13910
13;9;1;1;13911;CAT.13911
13;9;1;2;13912;CAT.13912
13;9;1;3;13913;CAT.13913
13;9;2;0;13920;CAT.13920
13;9;2;1;13921;CAT.13921
14;0;0;0;14000;CAT.14000
14;0;0;1;14001;CAT.14001
14;0;0;2;14002;CAT.14002
14;0;0;3;14003;CAT.14003
14;0;0;4;14004;CAT.14004
14;0;0;5;14005;CAT.14005
14;0;0;6;14006;CAT.14006
14;0;0;7;14007;CAT.14007
14;0;1;0;14010;CAT.14010
14;0;1;1;14011;CAT.14011
14;0;1;2;14012;CAT.14012
14;0;1;3;14013;CAT.14013
14;0;1;4;14014;CAT.14014
14;0;1;5;14015;CAT.14015
14;0;1;6;14016;CAT.14016
14;0;1;7;14017;CAT.14017
14;0;2;0;14020;CAT.14020
14;0;2;1;14021;CAT.14021
14;0;2;2;14022;CAT.14022
14;0;2;3;14023;CAT.14023
14;0;2;4;14024;CAT.14024
14;0;2;5;14025;CAT.14025
14;0;2;6;14026;CAT.14026
14;0;2;7;14027;CAT.14027
14;0;2;8;14028;CAT.14028
14;0;2;9;14029;CAT.14029
14;0;3;0;14030;CAT.14030
14;0;3;1;14031;CAT.14031
14;0;3;2;14032;CAT.14032
14;0;3;3;14033;CAT.14033
14;0;3;4;14034;CAT.14034
14;0;3;5;14035;CAT.14035
14;0;3;6;14036;CAT.14036
14;0;3;7;14037;CAT.14037
14;0;4;0;14040;CAT.14040
14;0;4;1;14041;CAT.14041
14;0;4;2;14042;CAT.14042
14;0;4;3;14043;CAT.14043
14;0;4;4;14044;CAT.14044
14;0;4;5;14045;CAT.14045
14;0;5;0;14050;CAT.14050
14;0;5;1;14051;CAT.14051
14;0;5;2;14052;CAT.14052
14;0;5;3;14053;CAT.14053
14;0;5;4;14054;CAT.14054
14;0;5;5;14055;CAT.14055
14;0;5;6;14056;CAT.14056
14;0;6;0;14060;CAT.14060
14;0;6;1;14061;CAT.14061
14;0;6;2;14062;CAT.14062
14;0;6;3;14063;CAT.14063
14;0;6;4;14064;CAT.14064
14;0;6;5;14065;CAT.14065
14;0;6;6;14066;CAT.14066
14;0;6;7;14067;CAT.14067
14;0;6;8;14068;CAT.14068
14;0;7;0;14070;CAT.14070
14;0;7;1;14071;CAT.14071
14;0;7;2;14072;CAT.14072
14;0;7;3;14073;CAT.14073
14;0;7;4;14074;CAT.14074
14;0;7;5;14075;CAT.14075
14;0;8;0;14080;CAT.14080
14;0;8;1;14081;CAT.14081
14;0;8;2;14082;CAT.14082
14;0;8;3;14083;CAT.14083
14;0;8;4;14084;CAT.14084
14;1;0;0;14100;CAT.14100
14;1;0;1;14101;CAT.14101
14;1;0;2;14102;CAT.14102
14;1;0;3;14103;CAT.14103
14;1;0;4;14104;CAT.14104
14;1;0;5;14105;CAT.14105
14;1;0;6;14106;CAT.14106
14;1;0;7;14107;CAT.14107
14;1;0;8;14108;CAT.14108
14;1;1;0;14110;CAT.14110
14;1;1;1;14111;CAT.14111
14;1;1;2;14112;CAT.14112
14;1;1;3;14113;CAT.14113
14;1;2;0;14120;CAT.14120
14;1;2;1;14121;CAT.14121
14;1;2;2;14122;CAT.14122
14;1;2;3;14123;CAT.14123
14;1;2;4;14124;CAT.14124
14;1;2;5;14125;CAT.14125
14;1;3;0;14130;CAT.14130
14;1;3;1;14131;CAT.14131
14;1;3;2;14132;CAT.14132
14;1;3;3;14133;CAT.14133
14;1;3;4;14134;CAT.14134
14;1;3;5;14135;CAT.14135
14;1;3;6;14136;CAT.14136
14;1;3;7;14137;CAT.14137
14;1;4;0;14140;CAT.14140
14;1;4;1;14141;CAT.14141
14;1;4;2;14142;CAT.14142
14;1;4;3;14143;CAT.14143
14;1;4;4;14144;CAT.14144
14;1;4;5;14145;CAT.14145
14;1;5;0;14150;CAT.14150
14;1;5;1;14151;CAT.14151
14;1;5;2;14152;CAT.14152
14;1;5;3;14153;CAT.14153
14;2;0;0;14200;CAT.14200
14;2;0;1;14201;CAT.14201
14;2;0;2;14202;CAT.14202
14;2;0;3;14203;CAT.14203
14;2;0;4;14204;CAT.14204
14;2;0;5;14205;CAT.14205
14;2;0;6;14206;CAT.14206
14;2;0;7;14207;CAT.14207
14;2;0;8;14208;CAT.14208
14;2;0;9;14209;CAT.14209
14;2;1;0;14210;CAT.14210
14;2;1;1;14211;CAT.14211
14;2;1;2;14212;CAT.14212
14;2;1;3;14213;CAT.14213
14;2;1;4;14214;CAT.14214
14;2;1;5;14215;CAT.14215
14;2;1;6;14216;CAT.14216
14;2;1;7;14217;CAT.14217
14;2;1;8;14218;CAT.14218
14;2;2;0;14220;CAT.14220
14;2;2;1;14221;CAT.14221
14;2;2;2;14222;CAT.14222
14;2;2;3;14223;CAT.14223
14;2;2;4;14224;CAT.14224
14;2;3;0;14230;CAT.14230
14;2;3;1;14231;CAT.14231
14;2;3;2;14232;CAT.14232
14;2;3;3;14233;CAT.14233
14;2;4;0;14240;CAT.14240
14;2;4;1;14241;CAT.14241
14;2;4;2;14242;CAT.14242
14;2;5;0;14250;CAT.14250
14;2;5;1;14251;CAT.14251
14;2;5;2;14252;CAT.14252
14;2;5;3;14253;CAT.14253
14;2;5;4;14254;CAT.14254
14;2;5;5;14255;CAT.14255
14;2;5;6;14256;CAT.14256
14;2;5;7;14257;CAT.14257
14;2;5;8;14258;CAT.14258
14;2;5;9;14259;CAT.14259
14;2;6;0;14260;CAT.14260
14;2;6;1;14261;CAT.14261
14;2;6;2;14262;CAT.14262
14;2;6;3;14263;CAT.14263
14;2;6;4;14264;CAT.14264
14;2;6;5;14265;CAT.14265
14;2;6;6;14266;CAT.14266
14;2;6;7;14267;CAT.14267
14;2;6;8;14268;CAT.14268
14;2;6;9;14269;CAT.14269
14;2;7;0;14270;CAT.14270
14;2;7;1;14271;CAT.14271
14;2;7;2;14272;CAT.14272
14;2;7;3;14273;CAT.14273
14;2;7;4;14274;CAT.14274
14;2;7;5;14275;CAT.14275
14;2;7;6;14276;CAT.14276
14;2;8;0;14280;CAT.14280
14;2;8;1;14281;CAT.14281
14;2;8;2;14282;CAT.14282
14;2;8;3;14283;CAT.14283
14;2;8;4;14284;CAT.14284
14;2;8;5;14285;CAT.14285
14;2;8;6;14286;CAT.14286
14;2;8;7;14287;CAT.14287
14;2;8;8;14288;CAT.14288
14;2;8;9;14289;CAT.14289
14;2;9;0;14290;CAT.14290
14;2;9;1;14291;CAT.14291
14;2;9;2;14292;CAT.14292
14;2;9;3;14293;CAT.14293
14;2;9;4;14294;CAT.14294
14;2;9;5;14295;CAT.14295
14;3;0;0;14300;CAT.14300
14;3;0;1;14301;CAT.14301
14;3;0;2;14302;CAT.14302
14;3;0;3;14303;CAT.14303
14;3;0;4;14304;CAT.14304
14;3;1;0;14310;CAT.14310
14;3;1;1;14311;CAT.14311
14;3;1;2;14312;CAT.14312
14;3;1;3;14313;CAT.14313
14;3;1;4;14314;CAT.14314
14;3;1;5;14315;CAT.14315
14;3;2;0;14320;CAT.14320
14;3;2;1;14321;CAT.14321
14;3;2;2;14322;CAT.14322
14;3;2;3;14323;CAT.14323
14;3;2;4;14324;CAT.14324
14;3;2;5;14325;CAT.14325
14;3;2;6;14326;CAT.14326
14;3;2;7;14327;CAT.14327
14;3;2;8;14328;CAT.14328
14;3;2;9;14329;CAT.14329
14;4;0;0;14400;CAT.14400
14;4;0;1;14401;CAT.14401
14;4;0;2;14402;CAT.14402
14;4;0;3;14403;CAT.14403
14;4;0;4;14404;CAT.14404
14;4;0;5;14405;CAT.14405
14;4;1;0;14410;CAT.14410
14;4;1;1;14411;CAT.14411
14;4;1;2;14412;CAT.14412
14;4;1;3;14413;CAT.14413
14;4;1;4;14414;CAT.14414
14;4;1;5;14415;CAT.14415
14;4;1;6;14416;CAT.14416
14;4;1;7;14417;CAT.14417
14;4;1;8;14418;CAT.14418
14;4;1;9;14419;CAT.14419
14;4;2;0;14420;CAT.14420
14;4;2;1;14421;CAT.14421
14;4;2;2;14422;CAT.14422
14;4;2;3;14423;CAT.14423
14;4;2;4;14424;CAT.14424
14;4;2;5;14425;CAT.14425
14;4;2;6;14426;CAT.14426
14;4;2;7;14427;CAT.14427
14;4;2;8;14428;CAT.14428
14;4;2;9;14429;CAT.14429
14;4;3;0;14430;CAT.14430
14;4;3;1;14431;CAT.14431
14;4;3;2;14432;CAT.14432
14;4;3;3;14433;CAT.14433
14;4;3;4;14434;CAT.14434
14;4;3;5;14435;CAT.14435
14;4;3;6;14436;CAT.14436
14;4;3;7;14437;CAT.14437
14;4;4;0;14440;CAT.14440
14;4;4;1;14441;CAT.14441
14;4;4;2;14442;CAT.14442
14;4;4;3;14443;CAT.14443
14;4;4;4;14444;CAT.14444
14;4;4;5;14445;CAT.14445
14;4;5;0;14450;CAT.14450
14;4;5;1;14451;CAT.14451
14;4;5;2;14452;CAT.14452
14;4;9;9;14499;CAT.14499
14;5;0;0;14500;CAT.14500
14;5;0;1;14501;CAT.14501
14;5;0;2;14502;CAT.14502
14;5;0;3;14503;CAT.14503
14;5;0;4;14504;CAT.14504
14;5;0;5;14505;CAT.14505
14;5;0;6;14506;CAT.14506
14;5;0;7;14507;CAT.14507
14;5;0;8;14508;CAT.14508
14;5;0;9;14509;CAT.14509
14;5;1;0;14510;CAT.14510
14;5;1;1;14511;CAT.14511
14;5;1;2;14512;CAT.14512
14;5;1;3;14513;CAT.14513
14;5;1;4;14514;CAT.14514
14;5;1;5;14515;CAT.14515
14;5;1;6;14516;CAT.14516
14;5;2;0;14520;CAT.14520
14;5;2;1;14521;CAT.14521
14;5;2;2;14522;CAT.14522
14;5;2;3;14523;CAT.14523
14;5;2;4;14524;CAT.14524
14;5;2;5;14525;CAT.14525
14;5;2;6;14526;CAT.14526
14;5;2;7;14527;CAT.14527
14;5;2;8;14528;CAT.14528
14;5;2;9;14529;CAT.14529
14;5;3;0;14530;CAT.14530
14;5;3;1;14531;CAT.14531
14;5;3;2;14532;CAT.14532
14;5;3;3;14533;CAT.14533
14;5;3;4;14534;CAT.14534
14;5;3;5;14535;CAT.14535
14;5;3;6;14536;CAT.14536
14;5;4;0;14540;CAT.14540
14;5;4;1;14541;CAT.14541
14;5;4;2;14542;CAT.14542
14;5;4;3;14543;CAT.14543
14;5;4;4;14544;CAT.14544
14;5;4;5;14545;CAT.14545
14;5;4;6;14546;CAT.14546
14;5;4;7;14547;CAT.14547
14;5;5;0;14550;CAT.14550
14;5;5;1;14551;CAT.14551
14;5;5;2;14552;CAT.14552
14;5;5;3;14553;CAT.14553
14;5;5;4;14554;CAT.14554
14;5;5;6;14556;CAT.14556
14;5;5;7;14557;CAT.14557
14;5;5;8;14558;CAT.14558
14;5;5;9;14559;CAT.14559
14;5;6;0;14560;CAT.14560
14;5;6;1;14561;CAT.14561
14;5;6;2;14562;CAT.14562
14;5;6;3;14563;CAT.14563
14;5;6;4;14564;CAT.14564
14;5;6;5;14565;CAT.14565
14;5;7;0;14570;CAT.14570
14;5;7;1;14571;CAT.14571
14;5;7;2;14572;CAT.14572
14;5;7;3;14573;CAT.14573
14;5;7;4;14574;CAT.14574
14;5;8;0;14580;CAT.14580
14;5;8;1;14581;CAT.14581
14;5;8;2;14582;CAT.14582
14;5;8;3;14583;CAT.14583
14;5;8;4;14584;CAT.14584
14;5;8;5;14585;CAT.14585
14;5;8;6;14586;CAT.14586
14;5;8;7;14587;CAT.14587
14;5;8;8;14588;CAT.14588
14;6;0;0;14600;CAT.14600
14;6;0;1;14601;CAT.14601
14;6;0;2;14602;CAT.14602
14;6;0;3;14603;CAT.14603
14;6;0;4;14604;CAT.14604
14;6;0;5;14605;CAT.14605
14;6;0;6;14606;CAT.14606
14;6;0;7;14607;CAT.14607
14;6;1;0;14610;CAT.14610
14;6;1;1;14611;CAT.14611
14;6;1;2;14612;CAT.14612
14;6;1;3;14613;CAT.14613
14;6;1;4;14614;CAT.14614
14;6;1;5;14615;CAT.14615
14;6;1;6;14616;CAT.14616
14;6;1;7;14617;CAT.14617
14;6;1;8;14618;CAT.14618
14;6;1;9;14619;CAT.14619
14;6;2;0;14620;CAT.14620
14;6;2;1;14621;CAT.14621
14;6;2;2;14622;CAT.14622
14;6;2;3;14623;CAT.14623
14;6;2;4;14624;CAT.14624
14;6;2;5;14625;CAT.14625
14;6;2;6;14626;CAT.14626
14;6;2;7;14627;CAT.14627
14;6;3;0;14630;CAT.14630
14;6;3;1;14631;CAT.14631
14;6;3;2;14632;CAT.14632
14;6;3;3;14633;CAT.14633
14;6;3;4;14634;CAT.14634
14;6;3;5;14635;CAT.14635
14;6;3;6;14636;CAT.14636
14;6;3;7;14637;CAT.14637
14;6;4;0;14640;CAT.14640
14;6;4;1;14641;CAT.14641
14;6;4;2;14642;CAT.14642
14;6;4;3;14643;CAT.14643
14;6;4;4;14644;CAT.14644
14;6;4;5;14645;CAT.14645
14;6;4;6;14646;CAT.14646
14;6;4;7;14647;CAT.14647
14;6;4;8;14648;CAT.14648
14;6;4;9;14649;CAT.14649
14;6;5;0;14650;CAT.14650
14;6;5;1;14651;CAT.14651
14;6;5;2;14652;CAT.14652
14;6;5;3;14653;CAT.14653
14;6;5;4;14654;CAT.14654
14;6;5;5;14655;CAT.14655
14;6;5;6;14656;CAT.14656
14;6;5;7;14657;CAT.14657
14;6;5;8;14658;CAT.14658
14;6;5;9;14659;CAT.14659
14;7;0;0;14700;CAT.14700
14;7;0;1;14701;CAT.14701
14;7;0;2;14702;CAT.14702
14;7;0;9;14709;CAT.14709
14;7;1;0;14710;CAT.14710
14;7;1;1;14711;CAT.14711
14;7;1;2;14712;CAT.14712
14;7;2;0;14720;CAT.14720
14;7;2;1;14721;CAT.14721
14;7;2;2;14722;CAT.14722
14;7;2;3;14723;CAT.14723
14;7;2;4;14724;CAT.14724
14;7;2;5;14725;CAT.14725
14;7;2;6;14726;CAT.14726
14;7;3;0;14730;CAT.14730
14;7;4;0;14740;CAT.14740
14;7;4;1;14741;CAT.14741
14;7;5;0;14750;CAT.14750
14;7;6;0;14760;CAT.14760
14;7;7;0;14770;CAT.14770
14;7;7;1;14771;CAT.14771
14;7;7;2;14772;CAT.14772
14;7;8;0;14780;CAT.14780
14;7;9;0;14790;CAT.14790
14;9;8;0;14980;CAT.14980
14;9;8;1;14981;CAT.14981
14;9;9;9;14999;CAT.14999
15;0;0;0;15000;CAT.15000
15;0;0;1;15001;CAT.15001
15;0;1;0;15010;CAT.15010
15;0;2;0;15020;CAT.15020
15;0;3;0;15030;CAT.15030
15;0;3;1;15031;CAT.15031
15;0;4;0;15040;CAT.15040
15;0;4;1;15041;CAT.15041
15;0;4;2;15042;CAT.15042
15;0;4;3;15043;CAT.15043
15;0;4;4;15044;CAT.15044
15;0;5;0;15050;CAT.15050
15;0;5;1;15051;CAT.15051
15;0;5;2;15052;CAT.15052
15;0;5;3;15053;CAT.15053
15;0;5;4;15054;CAT.15054
15;0;5;5;15055;CAT.15055
15;0;5;6;15056;CAT.15056
15;0;5;7;15057;CAT.15057
15;0;5;8;15058;CAT.15058
15;0;6;0;15060;CAT.15060
15;0;6;1;15061;CAT.15061
15;0;6;2;15062;CAT.15062
15;0;7;0;15070;CAT.15070
15;0;7;1;15071;CAT.15071
15;0;7;2;15072;CAT.15072
15;0;7;3;15073;CAT.15073
15;0;8;0;15080;CAT.15080
15;0;8;1;15081;CAT.15081
15;0;8;2;15082;CAT.15082
15;0;8;3;15083;CAT.15083
15;0;9;0;15090;CAT.15090
15;0;9;1;15091;CAT.15091
15;0;9;2;15092;CAT.15092
15;1;0;0;15100;CAT.15100
15;1;0;1;15101;CAT.15101
15;1;1;0;15110;CAT.15110
15;1;1;1;15111;CAT.15111
15;1;1;2;15112;CAT.15112
15;1;2;0;15120;CAT.15120
15;1;3;0;15130;CAT.15130
15;1;4;0;15140;CAT.15140
15;1;4;1;15141;CAT.15141
15;1;4;2;15142;CAT.15142
15;1;4;3;15143;CAT.15143
15;1;4;4;15144;CAT.15144
15;1;4;5;15145;CAT.15145
15;1;4;6;15146;CAT.15146
15;1;4;7;15147;CAT.15147
15;1;5;0;15150;CAT.15150
15;1;6;0;15160;CAT.15160
15;1;6;1;15161;CAT.15161
15;1;7;0;15170;CAT.15170
15;1;7;1;15171;CAT.15171
15;1;8;0;15180;CAT.15180
15;1;8;1;15181;CAT.15181
15;2;0;0;15200;CAT.15200
15;2;0;1;15201;CAT.15201
15;2;0;2;15202;CAT.15202
15;2;0;3;15203;CAT.15203
15;2;0;4;15204;CAT.15204
15;2;1;0;15210;CAT.15210
15;2;1;1;15211;CAT.15211
15;2;1;2;15212;CAT.15212
15;2;1;3;15213;CAT.15213
15;2;1;4;15214;CAT.15214
15;2;1;5;15215;CAT.15215
15;2;1;6;15216;CAT.15216
15;2;1;7;15217;CAT.15217
15;2;1;9;15219;CAT.15219
15;2;2;0;15220;CAT.15220
15;2;2;1;15221;CAT.15221
15;2;2;2;15222;CAT.15222
15;2;2;3;15223;CAT.15223
15;2;2;4;15224;CAT.15224
15;2;3;0;15230;CAT.15230
15;2;3;1;15231;CAT.15231
15;2;3;2;15232;CAT.15232
15;2;3;3;15233;CAT.15233
15;2;3;4;15234;CAT.15234
15;2;3;5;15235;CAT.15235
15;2;3;6;15236;CAT.15236
15;2;3;7;15237;CAT.15237
15;2;3;8;15238;CAT.15238
15;2;4;0;15240;CAT.15240
15;2;4;1;15241;CAT.15241
15;3;0;0;15300;CAT.15300
15;3;1;0;15310;CAT.15310
15;3;1;1;15311;CAT.15311
15;3;2;0;15320;CAT.15320
15;3;2;1;15321;CAT.15321
15;3;2;2;15322;CAT.15322
15;3;3;0;15330;CAT.15330
15;3;3;1;15331;CAT.15331
15;3;3;2;15332;CAT.15332
15;3;3;3;15333;CAT.15333
15;3;3;4;15334;CAT.15334
15;3;3;5;15335;CAT.15335
15;3;3;6;15336;CAT.15336
15;3;3;7;15337;CAT.15337
15;3;4;0;15340;CAT.15340
15;3;4;1;15341;CAT.15341
15;3;5;0;15350;CAT.15350
15;3;5;1;15351;CAT.15351
15;3;5;2;15352;CAT.15352
15;3;6;0;15360;CAT.15360
15;3;6;1;15361;CAT.15361
15;3;6;2;15362;CAT.15362
15;3;7;0;15370;CAT.15370
15;3;7;1;15371;CAT.15371
15;3;7;2;15372;CAT.15372
15;3;8;0;15380;CAT.15380
15;3;8;1;15381;CAT.15381
15;3;8;2;15382;CAT.15382
15;3;8;3;15383;CAT.15383
15;3;8;4;15384;CAT.15384
15;3;8;5;15385;CAT.15385
15;3;9;0;15390;CAT.15390
15;4;0;0;15400;CAT.15400
15;4;0;1;15401;CAT.15401
15;4;0;2;15402;CAT.15402
15;4;0;3;15403;CAT.15403
15;4;1;0;15410;CAT.15410
15;4;1;1;15411;CAT.15411
15;4;1;2;15412;CAT.15412
15;4;2;0;15420;CAT.15420
15;4;2;1;15421;CAT.15421
15;4;2;2;15422;CAT.15422
15;4;2;3;15423;CAT.15423
15;4;2;4;15424;CAT.15424
15;4;2;5;15425;CAT.15425
15;4;2;6;15426;CAT.15426
15;4;2;7;15427;CAT.15427
15;4;3;0;15430;CAT.15430
15;4;3;1;15431;CAT.15431
15;4;3;2;15432;CAT.15432
15;4;4;0;15440;CAT.15440
15;4;4;1;15441;CAT.15441
15;4;4;2;15442;CAT.15442
15;4;9;9;15499;CAT.15499
15;5;0;0;15500;CAT.15500
15;5;0;1;15501;CAT.15501
15;5;0;2;15502;CAT.15502
15;5;0;3;15503;CAT.15503
15;5;0;4;15504;CAT.15504
15;5;0;5;15505;CAT.15505
15;5;0;6;15506;CAT.15506
15;5;0;7;15507;CAT.15507
15;5;1;0;15510;CAT.15510
15;5;1;1;15511;CAT.15511
15;5;1;2;15512;CAT.15512
15;5;1;3;15513;CAT.15513
15;5;1;4;15514;CAT.15514
15;5;1;5;15515;CAT.15515
15;5;1;6;15516;CAT.15516
15;5;2;0;15520;CAT.15520
15;5;2;1;15521;CAT.15521
15;5;2;2;15522;CAT.15522
15;5;2;3;15523;CAT.15523
15;5;2;4;15524;CAT.15524
15;5;2;5;15525;CAT.15525
15;5;2;6;15526;CAT.15526
15;5;3;0;15530;CAT.15530
15;5;3;1;15531;CAT.15531
15;5;3;2;15532;CAT.15532
15;5;3;3;15533;CAT.15533
15;5;3;4;15534;CAT.15534
15;5;3;5;15535;CAT.15535
15;5;3;6;15536;CAT.15536
15;5;3;7;15537;CAT.15537
15;5;3;8;15538;CAT.15538
15;5;3;9;15539;CAT.15539
15;5;4;0;15540;CAT.15540
15;5;4;1;15541;CAT.15541
15;5;4;2;15542;CAT.15542
15;5;4;3;15543;CAT.15543
15;5;4;4;15544;CAT.15544
15;5;5;0;15550;CAT.15550
15;5;5;1;15551;CAT.15551
15;5;5;2;15552;CAT.15552
15;5;6;0;15560;CAT.15560
15;5;6;1;15561;CAT.15561
15;5;6;2;15562;CAT.15562
15;5;6;3;15563;CAT.15563
15;5;6;4;15564;CAT.15564
15;5;6;5;15565;CAT.15565
15;5;6;6;15566;CAT.15566
15;5;6;7;15567;CAT.15567
15;5;6;8;15568;CAT.15568
15;5;7;0;15570;CAT.15570
15;5;7;1;15571;CAT.15571
15;5;7;2;15572;CAT.15572
15;5;7;3;15573;CAT.15573
15;5;7;4;15574;CAT.15574
15;5;7;5;15575;CAT.15575
15;5;7;6;15576;CAT.15576
15;5;7;7;15577;CAT.15577
15;5;7;8;15578;CAT.15578
15;5;8;0;15580;CAT.15580
15;5;8;1;15581;CAT.15581
15;5;8;2;15582;CAT.15582
15;5;8;3;15583;CAT.15583
15;5;8;4;15584;CAT.15584
15;5;9;0;15590;CAT.15590
15;5;9;1;15591;CAT.15591
15;5;9;2;15592;CAT.15592
15;5;9;3;15593;CAT.15593
15;5;9;4;15594;CAT.15594
15;6;0;0;15600;CAT.15600
15;6;0;1;15601;CAT.15601
15;6;0;2;15602;CAT.15602
15;6;0;3;15603;CAT.15603
15;6;0;4;15604;CAT.15604
15;6;0;5;15605;CAT.15605
15;6;1;0;15610;CAT.15610
15;6;1;1;15611;CAT.15611
15;6;1;2;15612;CAT.15612
15;6;1;3;15613;CAT.15613
15;6;1;4;15614;CAT.15614
15;6;2;0;15620;CAT.15620
15;6;2;1;15621;CAT.15621
15;6;2;2;15622;CAT.15622
15;6;2;3;15623;CAT.15623
15;6;2;4;15624;CAT.15624
15;6;2;5;15625;CAT.15625
15;6;3;0;15630;CAT.15630
15;6;3;1;15631;CAT.15631
15;6;4;0;15640;CAT.15640
15;6;4;1;15641;CAT.15641
15;6;5;0;15650;CAT.15650
15;6;5;1;15651;CAT.15651
15;6;5;2;15652;CAT.15652
15;6;5;3;15653;CAT.15653
15;6;6;0;15660;CAT.15660
15;6;6;1;15661;CAT.15661
15;6;6;2;15662;CAT.15662
15;6;6;3;15663;CAT.15663
15;6;7;0;15670;CAT.15670
15;6;7;1;15671;CAT.15671
15;6;7;2;15672;CAT.15672
15;6;7;3;15673;CAT.15673
15;6;7;4;15674;CAT.15674
15;6;7;5;15675;CAT.15675
15;6;7;8;15678;CAT.15678
15;6;8;0;15680;CAT.15680
15;6;8;1;15681;CAT.15681
15;6;8;2;15682;CAT.15682
15;6;8;3;15683;CAT.15683
15;6;8;4;15684;CAT.15684
15;6;8;5;15685;CAT.15685
15;6;8;6;15686;CAT.15686
15;6;8;7;15687;CAT.15687
15;6;8;8;15688;CAT.15688
15;6;9;0;15690;CAT.15690
15;6;9;1;15691;CAT.15691
15;6;9;2;15692;CAT.15692
15;6;9;3;15693;CAT.15693
15;6;9;4;15694;CAT.15694
15;6;9;5;15695;CAT.15695
15;6;9;6;15696;CAT.15696
15;6;9;9;15699;CAT.15699
15;7;0;0;15700;CAT.15700
15;7;0;1;15701;CAT.15701
15;7;1;0;15710;CAT.15710
15;7;1;1;15711;CAT.15711
15;7;1;2;15712;CAT.15712
15;7;1;3;15713;CAT.15713
15;7;1;4;15714;CAT.15714
15;7;1;5;15715;CAT.15715
15;7;1;6;15716;CAT.15716
15;7;1;7;15717;CAT.15717
15;7;2;0;15720;CAT.15720
15;7;2;1;15721;CAT.15721
15;7;2;2;15722;CAT.15722
15;7;2;3;15723;CAT.15723
15;7;2;4;15724;CAT.15724
15;7;2;5;15725;CAT.15725
15;7;2;6;15726;CAT.15726
15;7;2;7;15727;CAT.15727
15;7;2;8;15728;CAT.15728
15;7;3;0;15730;CAT.15730
15;7;3;1;15731;CAT.15731
15;7;3;2;15732;CAT.15732
15;7;3;3;15733;CAT.15733
15;7;4;0;15740;CAT.15740
15;7;4;1;15741;CAT.15741
15;7;4;2;15742;CAT.15742
15;7;4;3;15743;CAT.15743
15;7;4;4;15744;CAT.15744
15;7;4;5;15745;CAT.15745
15;7;4;6;15746;CAT.15746
15;7;4;7;15747;CAT.15747
15;7;4;8;15748;CAT.15748
15;7;5;0;15750;CAT.15750
15;7;5;1;15751;CAT.15751
15;7;5;2;15752;CAT.15752
15;7;5;3;15753;CAT.15753
15;7;5;4;15754;CAT.15754
15;7;5;5;15755;CAT.15755
15;7;6;0;15760;CAT.15760
15;7;6;1;15761;CAT.15761
15;7;6;2;15762;CAT.15762
15;7;6;3;15763;CAT.15763
15;7;6;4;15764;CAT.15764
15;7;6;5;15765;CAT.15765
15;7;6;6;15766;CAT.15766
15;7;6;7;15767;CAT.15767
15;7;6;8;15768;CAT.15768
15;7;6;9;15769;CAT.15769
15;7;7;0;15770;CAT.15770
15;7;7;1;15771;CAT.15771
15;7;7;2;15772;CAT.15772
15;8;0;0;15800;CAT.15800
15;8;0;1;15801;CAT.15801
15;8;1;0;15810;CAT.15810
15;8;1;1;15811;CAT.15811
15;8;1;2;15812;CAT.15812
15;8;1;3;15813;CAT.15813
15;8;1;4;15814;CAT.15814
15;8;1;5;15815;CAT.15815
15;8;1;6;15816;CAT.15816
15;8;1;7;15817;CAT.15817
15;8;1;8;15818;CAT.15818
15;8;2;0;15820;CAT.15820
15;8;2;1;15821;CAT.15821
15;8;3;0;15830;CAT.15830
15;8;3;1;15831;CAT.15831
15;8;4;0;15840;CAT.15840
15;8;4;1;15841;CAT.15841
15;8;5;0;15850;CAT.15850
15;8;5;1;15851;CAT.15851
15;8;5;2;15852;CAT.15852
15;8;6;0;15860;CAT.15860
15;8;6;1;15861;CAT.15861
15;8;6;2;15862;CAT.15862
15;8;6;3;15863;CAT.15863
15;8;6;4;15864;CAT.15864
15;9;0;0;15900;CAT.15900
15;9;1;0;15910;CAT.15910
15;9;2;0;15920;CAT.15920
15;9;2;1;15921;CAT.15921
15;9;2;2;15922;CAT.15922
15;9;2;3;15923;CAT.15923
15;9;3;0;15930;CAT.15930
15;9;3;1;15931;CAT.15931
15;9;4;0;15940;CAT.15940
15;9;4;1;15941;CAT.15941
15;9;4;2;15942;CAT.15942
15;9;5;0;15950;CAT.15950
15;9;5;1;15951;CAT.15951
15;9;5;2;15952;CAT.15952
15;9;6;0;15960;CAT.15960
15;9;6;1;15961;CAT.15961
15;9;7;0;15970;CAT.15970
15;9;7;1;15971;CAT.15971
20;0;0;0;20000;CAT.20000
20;0;0;1;20001;CAT.20001
20;0;0;2;20002;CAT.20002
20;0;0;3;20003;CAT.20003
20;0;0;4;20004;CAT.20004
20;0;0;5;20005;CAT.20005
20;0;0;6;20006;CAT.20006
20;0;0;7;20007;CAT.20007
20;0;0;8;20008;CAT.20008
20;0;0;9;20009;CAT.20009
20;0;1;0;20010;CAT.20010
20;0;1;1;20011;CAT.20011
20;0;1;2;20012;CAT.20012
20;0;1;3;20013;CAT.20013
20;0;1;4;20014;CAT.20014
20;0;1;5;20015;CAT.20015
20;0;1;6;20016;CAT.20016
20;0;1;7;20017;CAT.20017
20;0;1;8;20018;CAT.20018
20;0;2;0;20020;CAT.20020
20;0;2;1;20021;CAT.20021
20;0;2;2;20022;CAT.20022
20;0;2;3;20023;CAT.20023
20;0;3;0;20030;CAT.20030
20;0;3;1;20031;CAT.20031
20;0;3;2;20032;CAT.20032
20;0;3;3;20033;CAT.20033
20;0;4;0;20040;CAT.20040
20;0;4;1;20041;CAT.20041
20;0;4;2;20042;CAT.20042
20;0;4;3;20043;CAT.20043
20;0;4;4;20044;CAT.20044
20;0;4;5;20045;CAT.20045
20;0;4;6;20046;CAT.20046
20;0;4;7;20047;CAT.20047
20;0;5;0;20050;CAT.20050
20;0;5;1;20051;CAT.20051
20;0;6;0;20060;CAT.20060
20;0;6;1;20061;CAT.20061
20;0;6;2;20062;CAT.20062
20;1;0;0;20100;CAT.20100
20;1;0;1;20101;CAT.20101
20;1;0;2;20102;CAT.20102
20;1;0;3;20103;CAT.20103
20;1;0;4;20104;CAT.20104
20;1;1;0;20110;CAT.20110
20;1;1;1;20111;CAT.20111
20;1;1;2;20112;CAT.20112
20;1;1;3;20113;CAT.20113
20;1;1;4;20114;CAT.20114
20;1;1;5;20115;CAT.20115
20;1;2;0;20120;CAT.20120
20;1;2;1;20121;CAT.20121
20;1;2;2;20122;CAT.20122
20;1;3;0;20130;CAT.20130
20;1;3;1;20131;CAT.20131
20;1;3;2;20132;CAT.20132
20;1;3;3;20133;CAT.20133
20;1;4;0;20140;CAT.20140
20;1;4;1;20141;CAT.20141
20;1;5;0;20150;CAT.20150
20;1;5;1;20151;CAT.20151
20;1;6;0;20160;CAT.20160
20;1;6;1;20161;CAT.20161
20;1;7;0;20170;CAT.20170
20;1;7;1;20171;CAT.20171
20;1;7;2;20172;CAT.20172
20;1;7;3;20173;CAT.20173
20;1;7;4;20174;CAT.20174
20;1;8;0;20180;CAT.20180
20;1;8;1;20181;CAT.20181
20;1;9;0;20190;CAT.20190
20;1;9;1;20191;CAT.20191
20;1;9;2;20192;CAT.20192
20;2;0;0;20200;CAT.20200
20;2;0;1;20201;CAT.20201
20;2;0;2;20202;CAT.20202
20;2;0;3;20203;CAT.20203
20;2;0;4;20204;CAT.20204
20;4;9;9;20499;CAT.20499
20;5;6;0;20560;CAT.20560
20;5;6;1;20561;CAT.20561
21;0;0;0;21000;CAT.21000
21;0;0;1;21001;CAT.21001
21;0;0;2;21002;CAT.21002
21;0;0;3;21003;CAT.21003
21;0;0;4;21004;CAT.21004
21;0;0;5;21005;CAT.21005
21;0;1;0;21010;CAT.21010
21;0;1;1;21011;CAT.21011
21;0;1;2;21012;CAT.21012
21;0;1;3;21013;CAT.21013
21;0;1;4;21014;CAT.21014
21;0;2;0;21020;CAT.21020
21;0;2;1;21021;CAT.21021
21;0;2;2;21022;CAT.21022
21;0;2;3;21023;CAT.21023
21;0;2;4;21024;CAT.21024
21;0;3;0;21030;CAT.21030
21;0;3;1;21031;CAT.21031
21;0;3;2;21032;CAT.21032
21;0;4;0;21040;CAT.21040
21;0;4;1;21041;CAT.21041
21;0;5;0;21050;CAT.21050
21;0;5;1;21051;CAT.21051
21;1;0;0;21100;CAT.21100
21;1;0;1;21101;CAT.21101
21;1;0;2;21102;CAT.21102
21;1;1;0;21110;CAT.21110
21;1;1;1;21111;CAT.21111
21;1;1;2;21112;CAT.21112
21;2;0;0;21200;CAT.21200
21;2;0;1;21201;CAT.21201
21;2;0;2;21202;CAT.21202
21;2;0;3;21203;CAT.21203
21;2;0;4;21204;CAT.21204
21;2;0;5;21205;CAT.21205
21;2;1;0;21210;CAT.21210
21;2;1;1;21211;CAT.21211
21;2;1;2;21212;CAT.21212
21;2;1;3;21213;CAT.21213
21;2;1;4;21214;CAT.21214
21;2;1;5;21215;CAT.21215
21;3;0;0;21300;CAT.21300
21;3;0;1;21301;CAT.21301
21;3;0;2;21302;CAT.21302
21;3;0;3;21303;CAT.21303
21;3;1;0;21310;CAT.21310
21;3;1;1;21311;CAT.21311
21;3;1;2;21312;CAT.21312
21;3;1;3;21313;CAT.21313
21;4;0;0;21400;CAT.21400
21;4;0;1;21401;CAT.21401
21;4;1;0;21410;CAT.21410
21;4;1;1;21411;CAT.21411
21;4;2;0;21420;CAT.21420
21;4;3;0;21430;CAT.21430
21;4;3;1;21431;CAT.21431
21;4;3;2;21432;CAT.21432
21;4;3;3;21433;CAT.21433
21;4;9;9;21499;CAT.21499
21;5;0;0;21500;CAT.21500
21;5;1;0;21510;CAT.21510
21;5;1;1;21511;CAT.21511
21;5;1;2;21512;CAT.21512
21;5;2;0;21520;CAT.21520
21;5;3;0;21530;CAT.21530
21;5;6;0;21560;CAT.21560
21;5;6;1;21561;CAT.21561
21;6;0;0;21600;CAT.21600
21;6;0;1;21601;CAT.21601
21;6;0;2;21602;CAT.21602
21;6;0;3;21603;CAT.21603
21;6;0;4;21604;CAT.21604
21;6;0;5;21605;CAT.21605
21;6;0;7;21607;CAT.21607
21;6;0;8;21608;CAT.21608
21;6;0;9;21609;CAT.21609
21;6;1;0;21610;CAT.21610
21;6;1;1;21611;CAT.21611
21;6;1;2;21612;CAT.21612
21;6;1;3;21613;CAT.21613
21;6;2;0;21620;CAT.21620
21;7;0;0;21700;CAT.21700
21;7;0;1;21701;CAT.21701
21;7;0;2;21702;CAT.21702
21;7;0;3;21703;CAT.21703
21;7;1;0;21710;CAT.21710
21;9;9;9;21999;CAT.21999
22;0;0;0;22000;CAT.22000
22;0;0;1;22001;CAT.22001
22;0;0;2;22002;CAT.22002
22;0;0;3;22003;CAT.22003
22;0;0;4;22004;CAT.22004
22;0;1;0;22010;CAT.22010
22;0;1;1;22011;CAT.22011
22;0;1;2;22012;CAT.22012
22;0;1;3;22013;CAT.22013
22;0;1;4;22014;CAT.22014
22;0;1;5;22015;CAT.22015
22;0;2;0;22020;CAT.22020
22;0;2;1;22021;CAT.22021
22;0;2;2;22022;CAT.22022
22;0;2;3;22023;CAT.22023
22;0;2;4;22024;CAT.22024
22;0;2;5;22025;CAT.22025
22;0;2;6;22026;CAT.22026
22;0;3;0;22030;CAT.22030
22;0;3;1;22031;CAT.22031
22;0;3;2;22032;CAT.22032
22;0;3;3;22033;CAT.22033
22;0;3;4;22034;CAT.22034
22;0;3;5;22035;CAT.22035
22;0;3;6;22036;CAT.22036
22;1;0;0;22100;CAT.22100
22;1;0;1;22101;CAT.22101
22;1;0;2;22102;CAT.22102
22;1;0;3;22103;CAT.22103
22;1;0;4;22104;CAT.22104
22;1;0;5;22105;CAT.22105
22;1;0;6;22106;CAT.22106
22;1;0;7;22107;CAT.22107
22;1;0;8;22108;CAT.22108
22;1;1;0;22110;CAT.22110
22;1;1;1;22111;CAT.22111
22;1;2;0;22120;CAT.22120
22;1;2;1;22121;CAT.22121
22;1;2;2;22122;CAT.22122
22;2;0;0;22200;CAT.22200
22;2;0;1;22201;CAT.22201
22;2;0;2;22202;CAT.22202
22;2;0;3;22203;CAT.22203
22;2;1;0;22210;CAT.22210
22;2;1;1;22211;CAT.22211
22;2;2;0;22220;CAT.22220
22;2;2;1;22221;CAT.22221
22;2;2;2;22222;CAT.22222
22;2;2;3;22223;CAT.22223
22;2;2;4;22224;CAT.22224
22;2;2;5;22225;CAT.22225
22;2;3;0;22230;CAT.22230
22;3;0;0;22300;CAT.22300
22;3;0;1;22301;CAT.22301
22;3;0;2;22302;CAT.22302
22;3;0;3;22303;CAT.22303
22;3;1;0;22310;CAT.22310
22;4;0;0;22400;CAT.22400
22;4;0;1;22401;CAT.22401
22;4;1;0;22410;CAT.22410
22;4;2;0;22420;CAT.22420
22;4;3;0;22430;CAT.22430
22;4;9;9;22499;CAT.22499
22;5;0;0;22500;CAT.22500
22;5;0;1;22501;CAT.22501
22;5;0;2;22502;CAT.22502
22;5;0;3;22503;CAT.22503
22;5;0;4;22504;CAT.22504
22;5;0;5;22505;CAT.22505
22;5;0;6;22506;CAT.22506
22;5;1;0;22510;CAT.22510
22;5;1;1;22511;CAT.22511
22;5;1;2;22512;CAT.22512
22;5;1;3;22513;CAT.22513
22;5;1;4;22514;CAT.22514
22;5;2;0;22520;CAT.22520
22;5;3;0;22530;CAT.22530
22;5;3;1;22531;CAT.22531
22;5;3;2;22532;CAT.22532
22;5;3;3;22533;CAT.22533
22;5;3;4;22534;CAT.22534
22;5;3;5;22535;CAT.22535
22;5;4;0;22540;CAT.22540
22;5;6;0;22560;CAT.22560
22;5;6;1;22561;CAT.22561
22;6;0;0;22600;CAT.22600
22;6;0;1;22601;CAT.22601
22;6;0;2;22602;CAT.22602
22;6;0;3;22603;CAT.22603
22;9;9;9;22999;CAT.22999
23;0;0;0;23000;CAT.23000
23;0;0;1;23001;CAT.23001
23;0;0;2;23002;CAT.23002
23;0;1;0;23010;CAT.23010
23;0;1;1;23011;CAT.23011
23;0;1;2;23012;CAT.23012
23;0;1;3;23013;CAT.23013
23;0;1;4;23014;CAT.23014
23;0;1;5;23015;CAT.23015
23;0;1;6;23016;CAT.23016
23;0;1;7;23017;CAT.23017
23;0;1;8;23018;CAT.23018
23;0;1;9;23019;CAT.23019
23;0;3;0;23030;CAT.23030
23;0;3;1;23031;CAT.23031
23;0;3;2;23032;CAT.23032
23;0;3;3;23033;CAT.23033
23;0;3;4;23034;CAT.23034
23;0;3;5;23035;CAT.23035
23;0;3;6;23036;CAT.23036
23;0;3;7;23037;CAT.23037
23;1;0;0;23100;CAT.23100
23;1;0;1;23101;CAT.23101
23;1;0;2;23102;CAT.23102
23;1;0;3;23103;CAT.23103
23;1;0;4;23104;CAT.23104
23;1;0;5;23105;CAT.23105
23;1;0;6;23106;CAT.23106
23;1;0;7;23107;CAT.23107
23;1;0;8;23108;CAT.23108
23;1;1;0;23110;CAT.23110
23;1;1;1;23111;CAT.23111
23;1;1;2;23112;CAT.23112
23;1;1;3;23113;CAT.23113
23;1;2;0;23120;CAT.23120
23;1;2;1;23121;CAT.23121
23;1;2;2;23122;CAT.23122
23;1;3;0;23130;CAT.23130
23;1;3;1;23131;CAT.23131
23;1;3;2;23132;CAT.23132
23;1;3;3;23133;CAT.23133
23;1;3;4;23134;CAT.23134
23;1;3;5;23135;CAT.23135
23;1;3;6;23136;CAT.23136
23;2;0;0;23200;CAT.23200
23;2;0;1;23201;CAT.23201
23;2;0;2;23202;CAT.23202
23;2;0;3;23203;CAT.23203
23;2;0;4;23204;CAT.23204
23;2;0;5;23205;CAT.23205
23;2;0;6;23206;CAT.23206
23;2;0;7;23207;CAT.23207
23;2;0;8;23208;CAT.23208
23;2;1;0;23210;CAT.23210
23;2;1;1;23211;CAT.23211
23;2;1;2;23212;CAT.23212
23;2;1;3;23213;CAT.23213
23;2;1;4;23214;CAT.23214
23;2;1;5;23215;CAT.23215
23;2;1;6;23216;CAT.23216
23;2;1;7;23217;CAT.23217
23;2;1;8;23218;CAT.23218
23;2;1;9;23219;CAT.23219
23;3;0;0;23300;CAT.23300
23;3;0;3;23303;CAT.23303
23;3;0;4;23304;CAT.23304
23;3;0;6;23306;CAT.23306
23;3;0;7;23307;CAT.23307
23;3;1;0;23310;CAT.23310
23;3;1;1;23311;CAT.23311
23;3;2;0;23320;CAT.23320
23;3;2;1;23321;CAT.23321
23;3;2;2;23322;CAT.23322
23;3;2;3;23323;CAT.23323
23;3;2;4;23324;CAT.23324
23;3;2;5;23325;CAT.23325
23;3;2;6;23326;CAT.23326
23;3;2;7;23327;CAT.23327
23;3;3;0;23330;CAT.23330
23;4;0;0;23400;CAT.23400
23;4;0;1;23401;CAT.23401
23;4;0;2;23402;CAT.23402
23;4;0;3;23403;CAT.23403
23;4;7;0;23470;CAT.23470
23;4;8;0;23480;CAT.23480
23;4;9;9;23499;CAT.23499
23;5;6;0;23560;CAT.23560
23;5;6;1;23561;CAT.23561
24;0;0;0;24000;CAT.24000
24;0;0;1;24001;CAT.24001
24;0;0;2;24002;CAT.24002
24;0;0;3;24003;CAT.24003
24;0;1;0;24010;CAT.24010
24;0;1;1;24011;CAT.24011
24;0;1;2;24012;CAT.24012
24;0;1;3;24013;CAT.24013
24;0;1;4;24014;CAT.24014
24;0;2;0;24020;CAT.24020
24;0;2;1;24021;CAT.24021
24;0;2;2;24022;CAT.24022
24;0;2;3;24023;CAT.24023
24;0;2;4;24024;CAT.24024
24;0;3;0;24030;CAT.24030
24;0;3;1;24031;CAT.24031
24;0;3;2;24032;CAT.24032
24;0;3;3;24033;CAT.24033
24;0;3;4;24034;CAT.24034
24;0;3;5;24035;CAT.24035
24;0;4;0;24040;CAT.24040
24;0;4;1;24041;CAT.24041
24;0;4;2;24042;CAT.24042
24;0;4;3;24043;CAT.24043
24;0;5;0;24050;CAT.24050
24;0;5;1;24051;CAT.24051
24;0;5;2;24052;CAT.24052
24;0;5;3;24053;CAT.24053
24;0;5;4;24054;CAT.24054
24;0;6;0;24060;CAT.24060
24;0;6;1;24061;CAT.24061
24;0;6;2;24062;CAT.24062
24;0;6;3;24063;CAT.24063
24;0;6;4;24064;CAT.24064
24;0;6;5;24065;CAT.24065
24;0;6;6;24066;CAT.24066
24;1;0;0;24100;CAT.24100
24;1;0;1;24101;CAT.24101
24;1;0;2;24102;CAT.24102
24;1;0;3;24103;CAT.24103
24;1;0;4;24104;CAT.24104
24;1;0;5;24105;CAT.24105
24;1;0;6;24106;CAT.24106
24;1;0;7;24107;CAT.24107
24;1;0;8;24108;CAT.24108
24;1;1;0;24110;CAT.24110
24;1;1;1;24111;CAT.24111
24;1;1;2;24112;CAT.24112
24;1;1;3;24113;CAT.24113
24;1;1;4;24114;CAT.24114
24;1;1;5;24115;CAT.24115
24;1;1;6;24116;CAT.24116
24;1;1;7;24117;CAT.24117
24;1;1;8;24118;CAT.24118
24;1;2;0;24120;CAT.24120
24;1;2;1;24121;CAT.24121
24;1;2;2;24122;CAT.24122
24;1;2;3;24123;CAT.24123
24;1;2;4;24124;CAT.24124
24;1;2;5;24125;CAT.24125
24;1;2;6;24126;CAT.24126
24;1;2;7;24127;CAT.24127
24;1;2;8;24128;CAT.24128
24;1;3;0;24130;CAT.24130
24;1;3;1;24131;CAT.24131
24;1;3;2;24132;CAT.24132
24;1;4;0;24140;CAT.24140
24;1;4;1;24141;CAT.24141
24;1;4;2;24142;CAT.24142
24;2;0;0;24200;CAT.24200
24;2;0;1;24201;CAT.24201
24;2;0;2;24202;CAT.24202
24;2;0;3;24203;CAT.24203
24;2;1;0;24210;CAT.24210
24;2;2;0;24220;CAT.24220
24;2;2;1;24221;CAT.24221
24;2;2;2;24222;CAT.24222
24;2;2;3;24223;CAT.24223
24;2;3;0;24230;CAT.24230
24;2;4;0;24240;CAT.24240
24;2;4;1;24241;CAT.24241
24;2;4;2;24242;CAT.24242
24;2;4;3;24243;CAT.24243
24;2;5;0;24250;CAT.24250
24;2;5;1;24251;CAT.24251
24;2;6;0;24260;CAT.24260
24;2;6;1;24261;CAT.24261
24;2;9;0;24290;CAT.24290
24;3;0;0;24300;CAT.24300
24;3;0;1;24301;CAT.24301
24;3;0;2;24302;CAT.24302
24;3;0;3;24303;CAT.24303
24;3;0;4;24304;CAT.24304
24;3;1;0;24310;CAT.24310
24;3;1;1;24311;CAT.24311
24;3;2;0;24320;CAT.24320
24;3;2;1;24321;CAT.24321
24;3;2;2;24322;CAT.24322
24;3;2;3;24323;CAT.24323
24;3;2;4;24324;CAT.24324
24;3;2;5;24325;CAT.24325
24;3;3;0;24330;CAT.24330
24;3;3;1;24331;CAT.24331
24;3;3;2;24332;CAT.24332
24;3;3;3;24333;CAT.24333
24;3;4;0;24340;CAT.24340
24;3;4;1;24341;CAT.24341
24;3;4;2;24342;CAT.24342
24;3;5;0;24350;CAT.24350
24;3;5;1;24351;CAT.24351
24;3;5;2;24352;CAT.24352
24;3;5;3;24353;CAT.24353
24;3;5;4;24354;CAT.24354
24;3;5;5;24355;CAT.24355
24;3;5;6;24356;CAT.24356
24;3;5;7;24357;CAT.24357
24;3;5;8;24358;CAT.24358
24;3;6;0;24360;CAT.24360
24;3;6;1;24361;CAT.24361
24;3;6;2;24362;CAT.24362
24;3;6;3;24363;CAT.24363
24;3;6;4;24364;CAT.24364
24;3;6;5;24365;CAT.24365
24;4;0;0;24400;CAT.24400
24;4;1;0;24410;CAT.24410
24;4;2;0;24420;CAT.24420
24;4;2;1;24421;CAT.24421
24;4;2;2;24422;CAT.24422
24;4;3;0;24430;CAT.24430
24;4;3;1;24431;CAT.24431
24;4;3;2;24432;CAT.24432
24;4;4;0;24440;CAT.24440
24;4;4;1;24441;CAT.24441
24;4;4;2;24442;CAT.24442
24;4;4;3;24443;CAT.24443
24;4;4;4;24444;CAT.24444
24;4;9;9;24499;CAT.24499
24;5;0;0;24500;CAT.24500
24;5;0;1;24501;CAT.24501
24;5;0;2;24502;CAT.24502
24;5;0;3;24503;CAT.24503
24;5;1;0;24510;CAT.24510
24;5;1;1;24511;CAT.24511
24;5;1;2;24512;CAT.24512
24;5;1;3;24513;CAT.24513
24;5;2;0;24520;CAT.24520
24;5;2;1;24521;CAT.24521
24;5;2;2;24522;CAT.24522
24;5;2;3;24523;CAT.24523
24;5;2;4;24524;CAT.24524
24;5;3;0;24530;CAT.24530
24;5;3;1;24531;CAT.24531
24;5;3;2;24532;CAT.24532
24;5;4;0;24540;CAT.24540
24;5;4;1;24541;CAT.24541
24;5;4;2;24542;CAT.24542
24;5;4;3;24543;CAT.24543
24;5;4;4;24544;CAT.24544
24;5;4;5;24545;CAT.24545
24;5;4;6;24546;CAT.24546
24;5;6;0;24560;CAT.24560
24;5;6;1;24561;CAT.24561
24;6;0;0;24600;CAT.24600
24;6;0;1;24601;CAT.24601
24;6;1;0;24610;CAT.24610
24;6;1;1;24611;CAT.24611
24;6;2;0;24620;CAT.24620
24;6;2;1;24621;CAT.24621
24;6;3;0;24630;CAT.24630
24;6;4;0;24640;CAT.24640
24;6;4;1;24641;CAT.24641
24;6;4;2;24642;CAT.24642
24;6;4;3;24643;CAT.24643
24;6;4;4;24644;CAT.24644
24;7;0;0;24700;CAT.24700
24;7;0;1;24701;CAT.24701
24;7;0;2;24702;CAT.24702
24;7;0;3;24703;CAT.24703
24;7;0;4;24704;CAT.24704
24;7;1;0;24710;CAT.24710
24;7;1;1;24711;CAT.24711
24;7;1;2;24712;CAT.24712
24;7;2;0;24720;CAT.24720
24;7;2;1;24721;CAT.24721
24;7;2;2;24722;CAT.24722
24;7;2;3;24723;CAT.24723
24;7;2;4;24724;CAT.24724
24;7;3;0;24730;CAT.24730
24;7;4;0;24740;CAT.24740
24;7;4;1;24741;CAT.24741
24;7;5;0;24750;CAT.24750
24;7;6;0;24760;CAT.24760
24;7;7;0;24770;CAT.24770
24;8;0;0;24800;CAT.24800
24;8;0;1;24801;CAT.24801
24;9;9;9;24999;CAT.24999
26;0;0;0;26000;CAT.26000
26;0;0;1;26001;CAT.26001
26;0;0;2;26002;CAT.26002
26;0;0;3;26003;CAT.26003
26;0;0;4;26004;CAT.26004
26;0;0;5;26005;CAT.26005
26;1;0;0;26100;CAT.26100
26;1;0;1;26101;CAT.26101
26;1;0;2;26102;CAT.26102
26;1;1;0;26110;CAT.26110
26;1;2;0;26120;CAT.26120
26;1;2;1;26121;CAT.26121
26;1;3;0;26130;CAT.26130
26;1;4;0;26140;CAT.26140
26;1;4;1;26141;CAT.26141
26;1;4;2;26142;CAT.26142
26;1;4;3;26143;CAT.26143
26;1;4;4;26144;CAT.26144
26;1;4;5;26145;CAT.26145
26;1;4;6;26146;CAT.26146
26;1;5;0;26150;CAT.26150
26;1;5;1;26151;CAT.26151
26;1;5;2;26152;CAT.26152
26;1;5;3;26153;CAT.26153
26;2;0;0;26200;CAT.26200
26;2;0;1;26201;CAT.26201
26;3;0;0;26300;CAT.26300
26;4;0;0;26400;CAT.26400
26;4;9;9;26499;CAT.26499
26;5;7;0;26570;CAT.26570
26;5;7;1;26571;CAT.26571
26;6;0;0;26600;CAT.26600
26;6;0;1;26601;CAT.26601
26;6;0;2;26602;CAT.26602
26;6;0;3;26603;CAT.26603
30;0;0;0;30000;CAT.30000
30;0;0;1;30001;CAT.30001
30;0;0;2;30002;CAT.30002
30;0;0;3;30003;CAT.30003
30;0;0;4;30004;CAT.30004
30;0;0;5;30005;CAT.30005
30;0;0;6;30006;CAT.30006
30;0;0;7;30007;CAT.30007
30;0;0;8;30008;CAT.30008
30;0;0;9;30009;CAT.30009
30;0;1;0;30010;CAT.30010
30;0;1;1;30011;CAT.30011
30;0;1;2;30012;CAT.30012
30;0;1;3;30013;CAT.30013
30;0;1;4;30014;CAT.30014
30;0;1;5;30015;CAT.30015
30;0;1;6;30016;CAT.30016
30;0;1;7;30017;CAT.30017
30;0;1;8;30018;CAT.30018
30;0;1;9;30019;CAT.30019
30;0;2;0;30020;CAT.30020
30;0;2;1;30021;CAT.30021
30;0;2;2;30022;CAT.30022
30;0;2;3;30023;CAT.30023
30;0;2;4;30024;CAT.30024
30;0;2;5;30025;CAT.30025
30;0;3;0;30030;CAT.30030
30;0;3;1;30031;CAT.30031
30;0;3;2;30032;CAT.30032
30;0;3;3;30033;CAT.30033
30;0;3;4;30034;CAT.30034
30;0;3;5;30035;CAT.30035
30;0;3;6;30036;CAT.30036
30;0;3;7;30037;CAT.30037
30;0;4;0;30040;CAT.30040
30;0;5;1;30051;CAT.30051
30;0;5;2;30052;CAT.30052
30;0;5;3;30053;CAT.30053
30;0;5;4;30054;CAT.30054
30;0;5;5;30055;CAT.30055
30;0;5;6;30056;CAT.30056
30;0;6;1;30061;CAT.30061
30;0;6;2;30062;CAT.30062
30;0;6;3;30063;CAT.30063
30;0;6;4;30064;CAT.30064
30;0;6;5;30065;CAT.30065
30;0;6;6;30066;CAT.30066
30;0;6;7;30067;CAT.30067
30;0;7;1;30071;CAT.30071
30;0;7;2;30072;CAT.30072
30;0;7;3;30073;CAT.30073
30;0;9;0;30090;CAT.30090
30;1;0;0;30100;CAT.30100
30;1;0;1;30101;CAT.30101
30;1;0;2;30102;CAT.30102
30;1;0;3;30103;CAT.30103
30;1;0;4;30104;CAT.30104
30;1;0;5;30105;CAT.30105
30;1;0;6;30106;CAT.30106
30;1;0;7;30107;CAT.30107
30;1;1;0;30110;CAT.30110
30;1;1;1;30111;CAT.30111
30;1;1;2;30112;CAT.30112
30;1;1;3;30113;CAT.30113
30;1;1;4;30114;CAT.30114
30;1;1;5;30115;CAT.30115
30;1;1;6;30116;CAT.30116
30;1;1;7;30117;CAT.30117
30;1;1;8;30118;CAT.30118
30;1;1;9;30119;CAT.30119
30;1;2;0;30120;CAT.30120
30;1;2;1;30121;CAT.30121
30;1;2;2;30122;CAT.30122
30;1;2;3;30123;CAT.30123
30;1;2;4;30124;CAT.30124
30;1;2;5;30125;CAT.30125
30;1;2;6;30126;CAT.30126
30;1;2;7;30127;CAT.30127
30;1;2;8;30128;CAT.30128
30;1;2;9;30129;CAT.30129
30;1;3;0;30130;CAT.30130
30;1;3;1;30131;CAT.30131
30;1;3;2;30132;CAT.30132
30;1;3;3;30133;CAT.30133
30;1;3;4;30134;CAT.30134
30;1;3;5;30135;CAT.30135
30;1;3;6;30136;CAT.30136
30;1;3;7;30137;CAT.30137
30;1;3;8;30138;CAT.30138
30;1;3;9;30139;CAT.30139
30;1;4;0;30140;CAT.30140
30;1;4;1;30141;CAT.30141
30;1;4;2;30142;CAT.30142
30;1;4;3;30143;CAT.30143
30;1;4;4;30144;CAT.30144
30;1;4;5;30145;CAT.30145
30;1;4;6;30146;CAT.30146
30;1;4;7;30147;CAT.30147
30;1;5;0;30150;CAT.30150
30;1;5;1;30151;CAT.30151
30;1;5;2;30152;CAT.30152
30;1;5;3;30153;CAT.30153
30;1;5;4;30154;CAT.30154
30;1;5;5;30155;CAT.30155
30;1;5;6;30156;CAT.30156
30;1;5;7;30157;CAT.30157
30;1;5;8;30158;CAT.30158
30;1;6;0;30160;CAT.30160
30;1;6;1;30161;CAT.30161
30;1;6;2;30162;CAT.30162
30;1;6;3;30163;CAT.30163
30;1;6;4;30164;CAT.30164
30;1;6;5;30165;CAT.30165
30;1;6;6;30166;CAT.30166
30;1;6;7;30167;CAT.30167
30;1;7;0;30170;CAT.30170
30;1;7;1;30171;CAT.30171
30;1;7;2;30172;CAT.30172
30;1;7;3;30173;CAT.30173
30;1;7;4;30174;CAT.30174
30;1;7;5;30175;CAT.30175
30;1;7;6;30176;CAT.30176
30;1;7;7;30177;CAT.30177
30;1;7;8;30178;CAT.30178
30;1;8;0;30180;CAT.30180
30;1;8;1;30181;CAT.30181
30;1;8;2;30182;CAT.30182
30;1;8;3;30183;CAT.30183
30;1;8;4;30184;CAT.30184
30;1;8;5;30185;CAT.30185
30;1;8;6;30186;CAT.30186
30;1;8;7;30187;CAT.30187
30;1;8;8;30188;CAT.30188
30;1;8;9;30189;CAT.30189
30;1;9;0;30190;CAT.30190
30;1;9;1;30191;CAT.30191
30;1;9;2;30192;CAT.30192
30;1;9;3;30193;CAT.30193
30;1;9;4;30194;CAT.30194
30;1;9;5;30195;CAT.30195
30;2;0;0;30200;CAT.30200
30;2;0;1;30201;CAT.30201
30;2;0;2;30202;CAT.30202
30;2;0;3;30203;CAT.30203
30;2;0;4;30204;CAT.30204
30;2;0;5;30205;CAT.30205
30;2;0;6;30206;CAT.30206
30;2;0;7;30207;CAT.30207
30;2;0;8;30208;CAT.30208
30;2;0;9;30209;CAT.30209
30;2;1;0;30210;CAT.30210
30;2;1;1;30211;CAT.30211
30;2;1;2;30212;CAT.30212
30;2;1;3;30213;CAT.30213
30;2;1;4;30214;CAT.30214
30;2;1;5;30215;CAT.30215
30;2;1;6;30216;CAT.30216
30;2;2;0;30220;CAT.30220
30;2;2;1;30221;CAT.30221
30;2;2;2;30222;CAT.30222
30;2;2;3;30223;CAT.30223
30;2;3;0;30230;CAT.30230
30;2;3;1;30231;CAT.30231
30;2;3;2;30232;CAT.30232
30;2;3;3;30233;CAT.30233
30;2;3;4;30234;CAT.30234
30;2;4;0;30240;CAT.30240
30;2;4;1;30241;CAT.30241
30;2;4;2;30242;CAT.30242
30;2;4;3;30243;CAT.30243
30;2;5;0;30250;CAT.30250
30;2;5;1;30251;CAT.30251
30;2;6;0;30260;CAT.30260
30;2;7;0;30270;CAT.30270
30;2;8;0;30280;CAT.30280
30;2;8;1;30281;CAT.30281
30;2;9;0;30290;CAT.30290
30;2;9;1;30291;CAT.30291
30;3;0;0;30300;CAT.30300
30;3;0;1;30301;CAT.30301
30;3;0;2;30302;CAT.30302
30;3;0;3;30303;CAT.30303
30;3;0;4;30304;CAT.30304
30;3;0;5;30305;CAT.30305
30;3;0;6;30306;CAT.30306
30;3;0;7;30307;CAT.30307
30;3;0;8;30308;CAT.30308
30;3;0;9;30309;CAT.30309
30;3;1;0;30310;CAT.30310
30;3;1;1;30311;CAT.30311
30;3;1;2;30312;CAT.30312
30;3;1;3;30313;CAT.30313
30;3;1;4;30314;CAT.30314
30;3;1;5;30315;CAT.30315
30;3;2;0;30320;CAT.30320
30;3;2;1;30321;CAT.30321
30;3;2;2;30322;CAT.30322
30;3;2;3;30323;CAT.30323
30;3;2;4;30324;CAT.30324
30;3;2;5;30325;CAT.30325
30;3;2;6;30326;CAT.30326
30;3;2;7;30327;CAT.30327
30;3;3;0;30330;CAT.30330
30;3;3;1;30331;CAT.30331
30;3;3;2;30332;CAT.30332
30;3;3;3;30333;CAT.30333
30;3;3;4;30334;CAT.30334
30;3;4;0;30340;CAT.30340
30;3;4;1;30341;CAT.30341
30;3;4;2;30342;CAT.30342
30;3;4;3;30343;CAT.30343
30;3;4;4;30344;CAT.30344
30;3;4;5;30345;CAT.30345
30;3;4;6;30346;CAT.30346
30;3;4;7;30347;CAT.30347
30;3;4;8;30348;CAT.30348
30;3;4;9;30349;CAT.30349
30;3;5;1;30351;CAT.30351
30;3;5;2;30352;CAT.30352
30;3;5;3;30353;CAT.30353
30;3;5;4;30354;CAT.30354
30;3;5;5;30355;CAT.30355
30;3;5;6;30356;CAT.30356
30;3;5;7;30357;CAT.30357
30;3;5;8;30358;CAT.30358
30;3;5;9;30359;CAT.30359
30;3;6;0;30360;CAT.30360
30;3;6;1;30361;CAT.30361
30;3;6;2;30362;CAT.30362
30;3;6;3;30363;CAT.30363
30;3;6;4;30364;CAT.30364
30;3;6;5;30365;CAT.30365
30;3;6;6;30366;CAT.30366
30;3;6;7;30367;CAT.30367
30;3;7;1;30371;CAT.30371
30;3;8;0;30380;CAT.30380
30;4;0;0;30400;CAT.30400
30;4;0;1;30401;CAT.30401
30;4;0;2;30402;CAT.30402
30;4;1;0;30410;CAT.30410
30;4;1;1;30411;CAT.30411
30;4;2;0;30420;CAT.30420
30;4;2;1;30421;CAT.30421
30;4;3;0;30430;CAT.30430
30;4;3;1;30431;CAT.30431
30;4;9;9;30499;CAT.30499
30;5;1;1;30511;CAT.30511
30;5;1;2;30512;CAT.30512
30;5;1;3;30513;CAT.30513
30;5;2;1;30521;CAT.30521
30;5;2;2;30522;CAT.30522
30;5;3;1;30531;CAT.30531
30;5;3;2;30532;CAT.30532
30;5;4;1;30541;CAT.30541
30;5;4;2;30542;CAT.30542
30;5;4;3;30543;CAT.30543
30;5;4;4;30544;CAT.30544
30;5;4;5;30545;CAT.30545
30;5;4;6;30546;CAT.30546
30;5;4;7;30547;CAT.30547
30;5;4;8;30548;CAT.30548
30;5;4;9;30549;CAT.30549
30;5;5;1;30551;CAT.30551
30;5;5;2;30552;CAT.30552
30;5;5;3;30553;CAT.30553
30;5;5;4;30554;CAT.30554
30;5;6;1;30561;CAT.30561
30;5;6;2;30562;CAT.30562
30;5;6;3;30563;CAT.30563
30;5;6;4;30564;CAT.30564
30;5;6;5;30565;CAT.30565
30;6;0;1;30601;CAT.30601
30;6;0;2;30602;CAT.30602
30;6;1;0;30610;CAT.30610
30;6;2;0;30620;CAT.30620
30;6;2;1;30621;CAT.30621
30;6;2;2;30622;CAT.30622
30;6;2;3;30623;CAT.30623
30;6;2;4;30624;CAT.30624
30;6;3;0;30630;CAT.30630
30;6;3;1;30631;CAT.30631
30;6;3;2;30632;CAT.30632
30;6;3;3;30633;CAT.30633
30;6;3;4;30634;CAT.30634
30;6;3;5;30635;CAT.30635
30;7;0;0;30700;CAT.30700
30;7;0;1;30701;CAT.30701
30;7;0;2;30702;CAT.30702
30;7;0;4;30704;CAT.30704
30;7;0;5;30705;CAT.30705
30;7;1;0;30710;CAT.30710
30;7;1;1;30711;CAT.30711
30;7;1;3;30713;CAT.30713
30;7;1;4;30714;CAT.30714
30;7;1;5;30715;CAT.30715
30;7;1;6;30716;CAT.30716
30;7;2;0;30720;CAT.30720
30;7;2;1;30721;CAT.30721
30;7;2;2;30722;CAT.30722
30;7;2;3;30723;CAT.30723
30;7;3;0;30730;CAT.30730
30;7;4;1;30741;CAT.30741
30;7;4;2;30742;CAT.30742
30;7;4;3;30743;CAT.30743
30;7;9;0;30790;CAT.30790
30;8;0;0;30800;CAT.30800
30;8;0;1;30801;CAT.30801
30;8;0;2;30802;CAT.30802
30;8;0;3;30803;CAT.30803
30;8;0;4;30804;CAT.30804
30;8;0;5;30805;CAT.30805
30;8;0;6;30806;CAT.30806
30;8;1;0;30810;CAT.30810
30;8;1;1;30811;CAT.30811
30;8;1;2;30812;CAT.30812
30;8;1;3;30813;CAT.30813
30;8;1;4;30814;CAT.30814
30;8;2;0;30820;CAT.30820
30;8;2;1;30821;CAT.30821
30;8;2;2;30822;CAT.30822
30;8;2;3;30823;CAT.30823
30;8;2;4;30824;CAT.30824
30;8;2;5;30825;CAT.30825
30;8;3;0;30830;CAT.30830
30;8;3;1;30831;CAT.30831
30;8;3;2;30832;CAT.30832
30;8;3;3;30833;CAT.30833
30;8;3;4;30834;CAT.30834
30;8;4;0;30840;CAT.30840
30;8;4;1;30841;CAT.30841
30;8;4;2;30842;CAT.30842
30;8;4;3;30843;CAT.30843
30;8;4;4;30844;CAT.30844
30;8;4;5;30845;CAT.30845
30;8;4;8;30848;CAT.30848
30;8;4;9;30849;CAT.30849
30;8;5;0;30850;CAT.30850
30;8;5;1;30851;CAT.30851
30;8;5;2;30852;CAT.30852
30;8;5;3;30853;CAT.30853
30;8;5;4;30854;CAT.30854
30;8;5;5;30855;CAT.30855
30;8;5;6;30856;CAT.30856
30;8;5;7;30857;CAT.30857
30;8;5;8;30858;CAT.30858
30;8;5;9;30859;CAT.30859
30;8;6;0;30860;CAT.30860
30;8;6;1;30861;CAT.30861
30;8;6;2;30862;CAT.30862
30;8;6;3;30863;CAT.30863
30;8;6;4;30864;CAT.30864
30;8;6;5;30865;CAT.30865
30;8;6;6;30866;CAT.30866
30;8;6;7;30867;CAT.30867
30;8;6;8;30868;CAT.30868
30;8;7;0;30870;CAT.30870
30;8;7;1;30871;CAT.30871
30;8;7;2;30872;CAT.30872
30;8;7;3;30873;CAT.30873
30;8;7;4;30874;CAT.30874
30;8;7;5;30875;CAT.30875
30;8;8;0;30880;CAT.30880
30;8;8;1;30881;CAT.30881
30;8;8;2;30882;CAT.30882
30;8;8;3;30883;CAT.30883
30;8;8;4;30884;CAT.30884
30;8;8;5;30885;CAT.30885
30;9;0;0;30900;CAT.30900
30;9;9;0;30990;CAT.30990
30;9;9;1;30991;CAT.30991
31;0;0;0;31000;CAT.31000
31;0;0;1;31001;CAT.31001
31;0;0;2;31002;CAT.31002
31;0;0;4;31004;CAT.31004
31;0;1;0;31010;CAT.31010
31;0;1;1;31011;CAT.31011
31;0;1;2;31012;CAT.31012
31;0;2;0;31020;CAT.31020
31;0;2;1;31021;CAT.31021
31;0;2;2;31022;CAT.31022
31;0;2;3;31023;CAT.31023
31;0;2;4;31024;CAT.31024
31;0;2;5;31025;CAT.31025
31;0;2;6;31026;CAT.31026
31;0;2;7;31027;CAT.31027
31;0;3;0;31030;CAT.31030
31;0;3;1;31031;CAT.31031
31;0;3;2;31032;CAT.31032
31;0;3;3;31033;CAT.31033
31;0;3;4;31034;CAT.31034
31;0;3;5;31035;CAT.31035
31;0;4;0;31040;CAT.31040
31;1;0;0;31100;CAT.31100
31;1;1;0;31110;CAT.31110
31;1;1;1;31111;CAT.31111
31;1;1;2;31112;CAT.31112
31;1;1;3;31113;CAT.31113
31;1;1;4;31114;CAT.31114
31;1;1;5;31115;CAT.31115
31;1;1;6;31116;CAT.31116
31;1;1;7;31117;CAT.31117
31;1;1;8;31118;CAT.31118
31;1;1;9;31119;CAT.31119
31;1;2;0;31120;CAT.31120
31;1;4;0;31140;CAT.31140
31;1;4;1;31141;CAT.31141
31;1;4;2;31142;CAT.31142
31;1;4;3;31143;CAT.31143
31;1;4;4;31144;CAT.31144
31;1;4;5;31145;CAT.31145
31;1;4;6;31146;CAT.31146
31;1;6;0;31160;CAT.31160
31;1;6;1;31161;CAT.31161
31;1;6;2;31162;CAT.31162
31;1;6;3;31163;CAT.31163
31;1;6;4;31164;CAT.31164
31;1;6;5;31165;CAT.31165
31;1;6;6;31166;CAT.31166
31;1;6;7;31167;CAT.31167
31;1;6;8;31168;CAT.31168
31;1;6;9;31169;CAT.31169
31;1;7;0;31170;CAT.31170
31;1;7;1;31171;CAT.31171
31;1;7;2;31172;CAT.31172
31;1;7;3;31173;CAT.31173
31;1;7;4;31174;CAT.31174
31;1;7;5;31175;CAT.31175
31;1;7;6;31176;CAT.31176
31;1;7;7;31177;CAT.31177
31;1;8;0;31180;CAT.31180
31;1;8;1;31181;CAT.31181
31;1;8;2;31182;CAT.31182
31;1;8;3;31183;CAT.31183
31;1;8;4;31184;CAT.31184
31;1;8;6;31186;CAT.31186
31;1;8;7;31187;CAT.31187
31;1;8;8;31188;CAT.31188
31;1;8;9;31189;CAT.31189
31;2;0;0;31200;CAT.31200
31;2;0;1;31201;CAT.31201
31;2;0;2;31202;CAT.31202
31;2;0;3;31203;CAT.31203
31;2;0;4;31204;CAT.31204
31;2;1;0;31210;CAT.31210
31;2;1;1;31211;CAT.31211
31;2;1;2;31212;CAT.31212
31;2;1;3;31213;CAT.31213
31;2;1;4;31214;CAT.31214
31;2;1;5;31215;CAT.31215
31;2;1;6;31216;CAT.31216
31;2;2;0;31220;CAT.31220
31;2;2;1;31221;CAT.31221
31;2;2;2;31222;CAT.31222
31;2;2;3;31223;CAT.31223
31;2;2;4;31224;CAT.31224
31;2;2;5;31225;CAT.31225
31;2;3;0;31230;CAT.31230
31;2;3;1;31231;CAT.31231
31;2;3;2;31232;CAT.31232
31;2;3;3;31233;CAT.31233
31;2;3;4;31234;CAT.31234
31;2;4;0;31240;CAT.31240
31;2;4;1;31241;CAT.31241
31;2;4;2;31242;CAT.31242
31;2;5;0;31250;CAT.31250
31;2;5;1;31251;CAT.31251
31;3;0;0;31300;CAT.31300
31;3;0;1;31301;CAT.31301
31;3;0;2;31302;CAT.31302
31;3;0;3;31303;CAT.31303
31;3;0;4;31304;CAT.31304
31;3;0;5;31305;CAT.31305
31;3;0;6;31306;CAT.31306
31;3;0;7;31307;CAT.31307
31;3;0;8;31308;CAT.31308
31;3;0;9;31309;CAT.31309
31;3;1;0;31310;CAT.31310
31;3;1;1;31311;CAT.31311
31;3;1;2;31312;CAT.31312
31;3;1;3;31313;CAT.31313
31;3;1;4;31314;CAT.31314
31;3;2;0;31320;CAT.31320
31;3;2;1;31321;CAT.31321
31;3;2;2;31322;CAT.31322
31;3;2;3;31323;CAT.31323
31;3;2;4;31324;CAT.31324
31;3;2;5;31325;CAT.31325
31;3;2;6;31326;CAT.31326
31;3;2;7;31327;CAT.31327
31;3;2;8;31328;CAT.31328
31;3;2;9;31329;CAT.31329
31;3;3;0;31330;CAT.31330
31;3;3;1;31331;CAT.31331
31;3;3;2;31332;CAT.31332
31;3;3;3;31333;CAT.31333
31;3;3;4;31334;CAT.31334
31;3;3;5;31335;CAT.31335
31;3;3;6;31336;CAT.31336
31;3;3;7;31337;CAT.31337
31;3;3;8;31338;CAT.31338
31;3;3;9;31339;CAT.31339
31;3;4;0;31340;CAT.31340
31;3;4;1;31341;CAT.31341
31;3;4;2;31342;CAT.31342
31;3;4;3;31343;CAT.31343
31;3;4;4;31344;CAT.31344
31;3;4;5;31345;CAT.31345
31;3;4;6;31346;CAT.31346
31;3;4;7;31347;CAT.31347
31;3;4;8;31348;CAT.31348
31;3;4;9;31349;CAT.31349
31;3;5;0;31350;CAT.31350
31;3;5;1;31351;CAT.31351
31;3;5;2;31352;CAT.31352
31;3;5;3;31353;CAT.31353
31;3;5;4;31354;CAT.31354
31;3;5;5;31355;CAT.31355
31;3;5;6;31356;CAT.31356
31;3;5;7;31357;CAT.31357
31;3;6;0;31360;CAT.31360
31;3;6;1;31361;CAT.31361
31;3;6;2;31362;CAT.31362
31;3;6;3;31363;CAT.31363
31;3;6;4;31364;CAT.31364
31;3;6;5;31365;CAT.31365
31;3;6;6;31366;CAT.31366
31;3;6;7;31367;CAT.31367
31;3;6;8;31368;CAT.31368
31;3;6;9;31369;CAT.31369
31;3;7;0;31370;CAT.31370
31;3;7;1;31371;CAT.31371
31;3;7;2;31372;CAT.31372
31;3;7;3;31373;CAT.31373
31;3;7;4;31374;CAT.31374
31;3;7;5;31375;CAT.31375
31;3;7;6;31376;CAT.31376
31;3;7;7;31377;CAT.31377
31;3;8;0;31380;CAT.31380
31;3;8;1;31381;CAT.31381
31;3;8;2;31382;CAT.31382
31;3;8;3;31383;CAT.31383
31;3;8;4;31384;CAT.31384
31;3;8;5;31385;CAT.31385
31;3;8;6;31386;CAT.31386
31;3;8;7;31387;CAT.31387
31;3;8;8;31388;CAT.31388
31;3;8;9;31389;CAT.31389
31;3;9;0;31390;CAT.31390
31;3;9;1;31391;CAT.31391
31;3;9;2;31392;CAT.31392
31;3;9;3;31393;CAT.31393
31;3;9;4;31394;CAT.31394
31;3;9;5;31395;CAT.31395
31;3;9;6;31396;CAT.31396
31;3;9;7;31397;CAT.31397
31;3;9;8;31398;CAT.31398
31;3;9;9;31399;CAT.31399
31;4;0;0;31400;CAT.31400
31;4;0;1;31401;CAT.31401
31;4;0;2;31402;CAT.31402
31;4;0;3;31403;CAT.31403
31;4;0;4;31404;CAT.31404
31;4;0;5;31405;CAT.31405
31;4;1;0;31410;CAT.31410
31;4;1;1;31411;CAT.31411
31;4;1;2;31412;CAT.31412
31;4;2;0;31420;CAT.31420
31;4;2;1;31421;CAT.31421
31;4;2;2;31422;CAT.31422
31;4;3;0;31430;CAT.31430
31;4;3;1;31431;CAT.31431
31;4;3;2;31432;CAT.31432
31;4;3;3;31433;CAT.31433
31;4;3;4;31434;CAT.31434
31;4;4;0;31440;CAT.31440
31;4;4;1;31441;CAT.31441
31;4;4;2;31442;CAT.31442
31;4;5;0;31450;CAT.31450
31;4;5;1;31451;CAT.31451
31;4;5;2;31452;CAT.31452
31;4;5;3;31453;CAT.31453
31;4;5;4;31454;CAT.31454
31;4;6;0;31460;CAT.31460
31;4;6;1;31461;CAT.31461
31;4;6;2;31462;CAT.31462
31;4;6;3;31463;CAT.31463
31;4;6;4;31464;CAT.31464
31;4;6;5;31465;CAT.31465
31;4;7;0;31470;CAT.31470
31;4;7;1;31471;CAT.31471
31;4;7;2;31472;CAT.31472
31;4;7;3;31473;CAT.31473
31;4;7;4;31474;CAT.31474
31;4;7;5;31475;CAT.31475
31;4;8;0;31480;CAT.31480
31;4;8;1;31481;CAT.31481
31;4;9;0;31490;CAT.31490
31;4;9;9;31499;CAT.31499
31;5;0;0;31500;CAT.31500
31;5;0;1;31501;CAT.31501
31;5;0;2;31502;CAT.31502
31;5;0;3;31503;CAT.31503
31;5;0;4;31504;CAT.31504
31;5;0;5;31505;CAT.31505
31;5;0;6;31506;CAT.31506
31;5;1;0;31510;CAT.31510
31;5;1;2;31512;CAT.31512
31;5;1;3;31513;CAT.31513
31;5;2;0;31520;CAT.31520
31;5;2;1;31521;CAT.31521
31;5;2;2;31522;CAT.31522
31;5;2;3;31523;CAT.31523
31;5;2;4;31524;CAT.31524
31;5;2;5;31525;CAT.31525
31;5;2;6;31526;CAT.31526
31;5;2;7;31527;CAT.31527
31;5;3;0;31530;CAT.31530
31;5;3;1;31531;CAT.31531
31;5;3;2;31532;CAT.31532
31;5;3;3;31533;CAT.31533
31;5;3;5;31535;CAT.31535
31;5;4;0;31540;CAT.31540
31;5;4;1;31541;CAT.31541
31;5;4;2;31542;CAT.31542
31;5;4;3;31543;CAT.31543
31;5;4;4;31544;CAT.31544
31;5;4;5;31545;CAT.31545
31;5;4;6;31546;CAT.31546
31;5;4;7;31547;CAT.31547
31;5;5;0;31550;CAT.31550
31;5;5;1;31551;CAT.31551
31;5;6;0;31560;CAT.31560
31;5;6;1;31561;CAT.31561
31;5;6;2;31562;CAT.31562
31;5;6;3;31563;CAT.31563
31;5;6;4;31564;CAT.31564
31;5;7;0;31570;CAT.31570
31;5;7;1;31571;CAT.31571
31;6;0;0;31600;CAT.31600
31;6;0;1;31601;CAT.31601
31;6;1;0;31610;CAT.31610
31;6;1;1;31611;CAT.31611
31;6;2;0;31620;CAT.31620
31;6;2;1;31621;CAT.31621
31;6;3;0;31630;CAT.31630
31;6;3;1;31631;CAT.31631
31;6;4;0;31640;CAT.31640
31;6;4;1;31641;CAT.31641
31;6;5;0;31650;CAT.31650
31;6;5;1;31651;CAT.31651
31;6;5;2;31652;CAT.31652
31;6;6;0;31660;CAT.31660
31;6;6;1;31661;CAT.31661
31;6;6;2;31662;CAT.31662
31;6;7;0;31670;CAT.31670
31;6;7;1;31671;CAT.31671
31;6;7;2;31672;CAT.31672
31;6;8;0;31680;CAT.31680
31;6;8;1;31681;CAT.31681
31;6;8;2;31682;CAT.31682
31;6;8;3;31683;CAT.31683
31;6;8;4;31684;CAT.31684
31;6;8;5;31685;CAT.31685
31;6;8;6;31686;CAT.31686
31;6;8;7;31687;CAT.31687
31;6;8;8;31688;CAT.31688
31;6;8;9;31689;CAT.31689
31;6;9;0;31690;CAT.31690
31;6;9;1;31691;CAT.31691
31;7;0;0;31700;CAT.31700
31;7;0;1;31701;CAT.31701
31;7;0;2;31702;CAT.31702
31;7;0;3;31703;CAT.31703
31;7;0;4;31704;CAT.31704
31;7;1;0;31710;CAT.31710
31;7;1;1;31711;CAT.31711
31;7;1;2;31712;CAT.31712
31;7;2;0;31720;CAT.31720
31;7;2;1;31721;CAT.31721
31;7;3;0;31730;CAT.31730
31;7;3;1;31731;CAT.31731
31;7;3;2;31732;CAT.31732
31;7;3;3;31733;CAT.31733
31;7;3;4;31734;CAT.31734
31;7;3;5;31735;CAT.31735
31;7;3;6;31736;CAT.31736
31;7;3;7;31737;CAT.31737
31;7;3;8;31738;CAT.31738
31;7;3;9;31739;CAT.31739
31;7;4;0;31740;CAT.31740
31;7;4;1;31741;CAT.31741
31;7;4;2;31742;CAT.31742
31;7;4;3;31743;CAT.31743
31;7;4;4;31744;CAT.31744
31;7;5;0;31750;CAT.31750
31;7;5;1;31751;CAT.31751
31;7;5;2;31752;CAT.31752
31;7;5;3;31753;CAT.31753
31;7;5;4;31754;CAT.31754
31;7;5;5;31755;CAT.31755
31;7;6;0;31760;CAT.31760
31;7;6;1;31761;CAT.31761
31;7;6;2;31762;CAT.31762
31;7;6;3;31763;CAT.31763
31;7;6;4;31764;CAT.31764
31;7;6;5;31765;CAT.31765
31;7;7;0;31770;CAT.31770
31;7;7;1;31771;CAT.31771
31;7;7;2;31772;CAT.31772
31;7;7;3;31773;CAT.31773
31;7;7;4;31774;CAT.31774
31;8;0;0;31800;CAT.31800
31;8;0;1;31801;CAT.31801
31;8;0;2;31802;CAT.31802
31;8;0;3;31803;CAT.31803
31;8;0;4;31804;CAT.31804
31;8;1;0;31810;CAT.31810
31;8;1;1;31811;CAT.31811
31;8;1;2;31812;CAT.31812
31;8;1;3;31813;CAT.31813
31;8;2;0;31820;CAT.31820
31;8;2;1;31821;CAT.31821
31;8;2;2;31822;CAT.31822
31;8;2;3;31823;CAT.31823
31;8;2;4;31824;CAT.31824
31;8;3;0;31830;CAT.31830
31;8;3;1;31831;CAT.31831
31;8;3;2;31832;CAT.31832
31;8;3;3;31833;CAT.31833
31;8;3;4;31834;CAT.31834
31;8;3;5;31835;CAT.31835
31;8;3;6;31836;CAT.31836
31;8;4;0;31840;CAT.31840
31;8;4;1;31841;CAT.31841
31;8;4;2;31842;CAT.31842
31;8;4;3;31843;CAT.31843
31;8;4;4;31844;CAT.31844
31;8;4;5;31845;CAT.31845
31;8;4;6;31846;CAT.31846
31;8;4;7;31847;CAT.31847
31;8;4;8;31848;CAT.31848
31;8;5;0;31850;CAT.31850
31;8;5;1;31851;CAT.31851
31;8;5;2;31852;CAT.31852
31;8;5;3;31853;CAT.31853
31;8;6;0;31860;CAT.31860
31;8;6;1;31861;CAT.31861
31;8;6;2;31862;CAT.31862
31;8;6;3;31863;CAT.31863
31;8;6;4;31864;CAT.31864
31;8;6;5;31865;CAT.31865
31;8;6;6;31866;CAT.31866
31;8;6;7;31867;CAT.31867
31;8;6;8;31868;CAT.31868
31;8;7;0;31870;CAT.31870
31;8;7;1;31871;CAT.31871
31;8;7;2;31872;CAT.31872
31;8;7;3;31873;CAT.31873
31;8;7;4;31874;CAT.31874
31;8;7;5;31875;CAT.31875
31;8;8;0;31880;CAT.31880
31;8;8;1;31881;CAT.31881
31;8;8;2;31882;CAT.31882
31;8;8;3;31883;CAT.31883
31;8;8;4;31884;CAT.31884
31;8;8;5;31885;CAT.31885
31;9;0;0;31900;CAT.31900
31;9;0;1;31901;CAT.31901
31;9;0;2;31902;CAT.31902
31;9;0;3;31903;CAT.31903
31;9;0;4;31904;CAT.31904
31;9;0;5;31905;CAT.31905
31;9;0;6;31906;CAT.31906
31;9;1;0;31910;CAT.31910
31;9;1;1;31911;CAT.31911
31;9;1;2;31912;CAT.31912
31;9;1;3;31913;CAT.31913
31;9;1;4;31914;CAT.31914
31;9;1;5;31915;CAT.31915
31;9;2;0;31920;CAT.31920
31;9;2;1;31921;CAT.31921
31;9;3;0;31930;CAT.31930
31;9;3;1;31931;CAT.31931
31;9;3;2;31932;CAT.31932
31;9;3;3;31933;CAT.31933
31;9;3;4;31934;CAT.31934
31;9;3;5;31935;CAT.31935
31;9;3;6;31936;CAT.31936
31;9;3;7;31937;CAT.31937
31;9;3;8;31938;CAT.31938
31;9;4;0;31940;CAT.31940
31;9;4;1;31941;CAT.31941
31;9;4;2;31942;CAT.31942
31;9;5;1;31951;CAT.31951
31;9;5;2;31952;CAT.31952
31;9;5;3;31953;CAT.31953
31;9;9;0;31990;CAT.31990
31;9;9;1;31991;CAT.31991
32;0;0;0;32000;CAT.32000
32;0;0;1;32001;CAT.32001
32;0;0;2;32002;CAT.32002
32;0;0;3;32003;CAT.32003
32;0;0;4;32004;CAT.32004
32;0;0;5;32005;CAT.32005
32;0;1;0;32010;CAT.32010
32;0;1;1;32011;CAT.32011
32;0;1;2;32012;CAT.32012
32;0;1;4;32014;CAT.32014
32;0;1;5;32015;CAT.32015
32;0;1;6;32016;CAT.32016
32;0;1;7;32017;CAT.32017
32;0;2;0;32020;CAT.32020
32;0;2;1;32021;CAT.32021
32;0;2;2;32022;CAT.32022
32;0;2;3;32023;CAT.32023
32;0;2;4;32024;CAT.32024
32;0;2;5;32025;CAT.32025
32;0;3;0;32030;CAT.32030
32;0;3;1;32031;CAT.32031
32;0;3;2;32032;CAT.32032
32;0;3;3;32033;CAT.32033
32;0;3;5;32035;CAT.32035
32;0;3;6;32036;CAT.32036
32;0;3;8;32038;CAT.32038
32;0;3;9;32039;CAT.32039
32;0;4;0;32040;CAT.32040
32;0;4;1;32041;CAT.32041
32;0;4;2;32042;CAT.32042
32;0;5;1;32051;CAT.32051
32;0;5;2;32052;CAT.32052
32;0;6;0;32060;CAT.32060
32;0;6;1;32061;CAT.32061
32;0;6;2;32062;CAT.32062
32;0;6;3;32063;CAT.32063
32;0;7;0;32070;CAT.32070
32;0;7;1;32071;CAT.32071
32;0;7;2;32072;CAT.32072
32;0;7;3;32073;CAT.32073
32;0;7;4;32074;CAT.32074
32;0;7;5;32075;CAT.32075
32;0;7;6;32076;CAT.32076
32;0;7;7;32077;CAT.32077
32;0;7;8;32078;CAT.32078
32;0;7;9;32079;CAT.32079
32;0;8;0;32080;CAT.32080
32;0;8;1;32081;CAT.32081
32;0;8;2;32082;CAT.32082
32;0;8;3;32083;CAT.32083
32;0;8;4;32084;CAT.32084
32;0;8;5;32085;CAT.32085
32;0;8;6;32086;CAT.32086
32;0;9;0;32090;CAT.32090
32;0;9;1;32091;CAT.32091
32;0;9;2;32092;CAT.32092
32;0;9;3;32093;CAT.32093
32;0;9;4;32094;CAT.32094
32;1;0;0;32100;CAT.32100
32;1;0;1;32101;CAT.32101
32;1;0;2;32102;CAT.32102
32;1;0;3;32103;CAT.32103
32;1;1;0;32110;CAT.32110
32;1;1;1;32111;CAT.32111
32;1;1;2;32112;CAT.32112
32;1;1;4;32114;CAT.32114
32;1;2;0;32120;CAT.32120
32;1;2;1;32121;CAT.32121
32;1;2;2;32122;CAT.32122
32;2;0;0;32200;CAT.32200
32;2;0;1;32201;CAT.32201
32;2;0;2;32202;CAT.32202
32;2;0;3;32203;CAT.32203
32;2;0;4;32204;CAT.32204
32;2;1;0;32210;CAT.32210
32;2;1;1;32211;CAT.32211
32;2;1;2;32212;CAT.32212
32;2;1;3;32213;CAT.32213
32;2;1;4;32214;CAT.32214
32;2;1;5;32215;CAT.32215
32;2;1;6;32216;CAT.32216
32;2;1;7;32217;CAT.32217
32;2;1;9;32219;CAT.32219
32;2;2;0;32220;CAT.32220
32;2;2;1;32221;CAT.32221
32;2;2;2;32222;CAT.32222
32;2;2;4;32224;CAT.32224
32;2;2;5;32225;CAT.32225
32;2;2;6;32226;CAT.32226
32;2;2;7;32227;CAT.32227
32;2;2;8;32228;CAT.32228
32;2;3;0;32230;CAT.32230
32;2;3;1;32231;CAT.32231
32;2;3;2;32232;CAT.32232
32;2;3;3;32233;CAT.32233
32;2;3;4;32234;CAT.32234
32;2;3;5;32235;CAT.32235
32;2;3;6;32236;CAT.32236
32;2;4;0;32240;CAT.32240
32;2;4;1;32241;CAT.32241
32;2;4;2;32242;CAT.32242
32;2;5;0;32250;CAT.32250
32;2;5;1;32251;CAT.32251
32;2;5;2;32252;CAT.32252
32;2;5;3;32253;CAT.32253
32;2;6;0;32260;CAT.32260
32;2;6;1;32261;CAT.32261
32;2;6;2;32262;CAT.32262
32;2;6;3;32263;CAT.32263
32;2;6;7;32267;CAT.32267
32;2;6;8;32268;CAT.32268
32;2;7;0;32270;CAT.32270
32;2;7;1;32271;CAT.32271
32;2;7;2;32272;CAT.32272
32;2;7;3;32273;CAT.32273
32;2;7;4;32274;CAT.32274
32;2;7;5;32275;CAT.32275
32;2;7;6;32276;CAT.32276
32;2;7;7;32277;CAT.32277
32;2;7;8;32278;CAT.32278
32;2;9;0;32290;CAT.32290
32;2;9;1;32291;CAT.32291
32;2;9;2;32292;CAT.32292
32;2;9;3;32293;CAT.32293
32;2;9;4;32294;CAT.32294
32;3;0;0;32300;CAT.32300
32;3;0;1;32301;CAT.32301
32;3;0;2;32302;CAT.32302
32;3;0;3;32303;CAT.32303
32;3;1;0;32310;CAT.32310
32;3;1;1;32311;CAT.32311
32;3;1;2;32312;CAT.32312
32;3;2;0;32320;CAT.32320
32;3;2;1;32321;CAT.32321
32;3;2;2;32322;CAT.32322
32;3;2;3;32323;CAT.32323
32;3;2;4;32324;CAT.32324
32;3;2;5;32325;CAT.32325
32;3;3;0;32330;CAT.32330
32;3;3;1;32331;CAT.32331
32;3;3;2;32332;CAT.32332
32;3;3;3;32333;CAT.32333
32;3;4;0;32340;CAT.32340
32;3;4;1;32341;CAT.32341
32;3;4;2;32342;CAT.32342
32;3;5;0;32350;CAT.32350
32;3;5;1;32351;CAT.32351
32;3;5;2;32352;CAT.32352
32;3;5;3;32353;CAT.32353
32;3;5;4;32354;CAT.32354
32;3;5;5;32355;CAT.32355
32;3;6;0;32360;CAT.32360
32;3;6;1;32361;CAT.32361
32;3;7;1;32371;CAT.32371
32;3;7;2;32372;CAT.32372
32;3;7;3;32373;CAT.32373
32;3;7;4;32374;CAT.32374
32;3;8;0;32380;CAT.32380
32;3;8;1;32381;CAT.32381
32;3;8;2;32382;CAT.32382
32;3;8;3;32383;CAT.32383
32;3;8;4;32384;CAT.32384
32;3;9;0;32390;CAT.32390
32;3;9;1;32391;CAT.32391
32;4;0;0;32400;CAT.32400
32;4;0;2;32402;CAT.32402
32;4;1;0;32410;CAT.32410
32;4;1;1;32411;CAT.32411
32;4;2;0;32420;CAT.32420
32;4;2;1;32421;CAT.32421
32;4;2;2;32422;CAT.32422
32;4;2;3;32423;CAT.32423
32;4;2;4;32424;CAT.32424
32;4;2;5;32425;CAT.32425
32;4;3;0;32430;CAT.32430
32;4;4;0;32440;CAT.32440
32;4;4;1;32441;CAT.32441
32;4;4;2;32442;CAT.32442
32;4;4;3;32443;CAT.32443
32;4;4;4;32444;CAT.32444
32;4;4;5;32445;CAT.32445
32;4;4;6;32446;CAT.32446
32;4;4;7;32447;CAT.32447
32;4;4;8;32448;CAT.32448
32;4;5;0;32450;CAT.32450
32;4;5;1;32451;CAT.32451
32;4;5;3;32453;CAT.32453
32;4;5;4;32454;CAT.32454
32;4;5;5;32455;CAT.32455
32;4;5;6;32456;CAT.32456
32;4;5;7;32457;CAT.32457
32;4;5;9;32459;CAT.32459
32;4;9;9;32499;CAT.32499
32;5;0;0;32500;CAT.32500
32;5;0;1;32501;CAT.32501
32;5;0;2;32502;CAT.32502
32;5;0;3;32503;CAT.32503
32;5;1;0;32510;CAT.32510
32;5;2;1;32521;CAT.32521
32;5;2;2;32522;CAT.32522
32;5;2;3;32523;CAT.32523
32;5;3;0;32530;CAT.32530
32;5;3;1;32531;CAT.32531
32;5;3;2;32532;CAT.32532
32;5;3;3;32533;CAT.32533
32;5;3;4;32534;CAT.32534
32;5;3;5;32535;CAT.32535
32;5;3;6;32536;CAT.32536
32;5;3;7;32537;CAT.32537
32;5;3;8;32538;CAT.32538
32;6;0;0;32600;CAT.32600
32;6;0;1;32601;CAT.32601
32;6;0;2;32602;CAT.32602
32;6;0;3;32603;CAT.32603
32;6;0;4;32604;CAT.32604
32;6;0;5;32605;CAT.32605
32;6;0;6;32606;CAT.32606
32;6;0;7;32607;CAT.32607
32;6;0;8;32608;CAT.32608
32;6;0;9;32609;CAT.32609
32;6;1;0;32610;CAT.32610
32;6;1;1;32611;CAT.32611
32;6;1;2;32612;CAT.32612
32;6;1;3;32613;CAT.32613
32;6;1;4;32614;CAT.32614
32;6;1;5;32615;CAT.32615
32;6;1;6;32616;CAT.32616
32;6;1;7;32617;CAT.32617
32;6;1;8;32618;CAT.32618
32;6;1;9;32619;CAT.32619
32;6;2;0;32620;CAT.32620
32;6;2;1;32621;CAT.32621
32;6;2;2;32622;CAT.32622
32;6;2;3;32623;CAT.32623
32;6;2;4;32624;CAT.32624
32;6;2;5;32625;CAT.32625
32;6;2;6;32626;CAT.32626
32;6;2;7;32627;CAT.32627
32;6;2;8;32628;CAT.32628
32;6;2;9;32629;CAT.32629
32;6;3;0;32630;CAT.32630
32;6;3;1;32631;CAT.32631
32;6;3;2;32632;CAT.32632
32;6;3;3;32633;CAT.32633
32;6;3;4;32634;CAT.32634
32;6;3;5;32635;CAT.32635
32;6;3;6;32636;CAT.32636
32;6;3;7;32637;CAT.32637
32;6;3;8;32638;CAT.32638
32;6;3;9;32639;CAT.32639
32;6;4;0;32640;CAT.32640
32;6;4;1;32641;CAT.32641
32;6;4;2;32642;CAT.32642
32;6;4;3;32643;CAT.32643
32;6;4;4;32644;CAT.32644
32;6;4;5;32645;CAT.32645
32;6;4;6;32646;CAT.32646
32;6;4;7;32647;CAT.32647
32;6;5;0;32650;CAT.32650
32;6;5;1;32651;CAT.32651
32;6;5;2;32652;CAT.32652
32;6;5;3;32653;CAT.32653
32;6;5;4;32654;CAT.32654
32;6;5;5;32655;CAT.32655
32;6;5;6;32656;CAT.32656
32;6;5;7;32657;CAT.32657
32;6;5;8;32658;CAT.32658
32;6;6;0;32660;CAT.32660
32;6;6;1;32661;CAT.32661
32;6;6;2;32662;CAT.32662
32;6;6;3;32663;CAT.32663
32;6;6;4;32664;CAT.32664
32;6;6;5;32665;CAT.32665
32;6;6;6;32666;CAT.32666
32;6;7;0;32670;CAT.32670
32;6;7;1;32671;CAT.32671
32;6;7;2;32672;CAT.32672
32;6;7;3;32673;CAT.32673
32;6;7;4;32674;CAT.32674
32;6;7;5;32675;CAT.32675
32;6;7;6;32676;CAT.32676
32;6;7;7;32677;CAT.32677
32;6;7;8;32678;CAT.32678
32;6;7;9;32679;CAT.32679
32;6;8;0;32680;CAT.32680
32;6;8;1;32681;CAT.32681
32;6;8;2;32682;CAT.32682
32;6;8;3;32683;CAT.32683
32;6;8;4;32684;CAT.32684
32;6;8;5;32685;CAT.32685
32;6;8;6;32686;CAT.32686
32;6;8;7;32687;CAT.32687
32;6;8;8;32688;CAT.32688
32;7;0;0;32700;CAT.32700
32;7;0;1;32701;CAT.32701
32;7;0;2;32702;CAT.32702
32;7;0;3;32703;CAT.32703
32;7;0;4;32704;CAT.32704
32;7;0;5;32705;CAT.32705
32;7;0;6;32706;CAT.32706
32;7;0;7;32707;CAT.32707
32;7;0;8;32708;CAT.32708
32;7;0;9;32709;CAT.32709
32;7;1;0;32710;CAT.32710
32;7;1;1;32711;CAT.32711
32;7;2;0;32720;CAT.32720
32;7;2;1;32721;CAT.32721
32;7;2;2;32722;CAT.32722
32;7;2;3;32723;CAT.32723
32;7;2;4;32724;CAT.32724
32;7;2;5;32725;CAT.32725
32;7;3;0;32730;CAT.32730
32;7;3;1;32731;CAT.32731
32;7;3;2;32732;CAT.32732
32;7;3;3;32733;CAT.32733
32;7;4;0;32740;CAT.32740
32;7;4;1;32741;CAT.32741
32;8;0;0;32800;CAT.32800
32;8;0;1;32801;CAT.32801
32;8;0;2;32802;CAT.32802
32;8;0;3;32803;CAT.32803
32;8;0;4;32804;CAT.32804
32;8;0;5;32805;CAT.32805
32;8;0;6;32806;CAT.32806
32;8;0;7;32807;CAT.32807
32;8;0;8;32808;CAT.32808
32;8;1;0;32810;CAT.32810
32;8;1;1;32811;CAT.32811
32;8;1;2;32812;CAT.32812
32;8;1;3;32813;CAT.32813
32;8;1;4;32814;CAT.32814
32;8;1;5;32815;CAT.32815
32;8;1;6;32816;CAT.32816
32;8;1;7;32817;CAT.32817
32;8;1;8;32818;CAT.32818
32;8;1;9;32819;CAT.32819
32;8;2;0;32820;CAT.32820
32;8;2;1;32821;CAT.32821
32;8;2;2;32822;CAT.32822
32;8;2;3;32823;CAT.32823
32;8;2;4;32824;CAT.32824
32;8;3;0;32830;CAT.32830
32;8;3;1;32831;CAT.32831
32;8;3;2;32832;CAT.32832
32;8;3;3;32833;CAT.32833
32;8;3;4;32834;CAT.32834
32;8;3;5;32835;CAT.32835
32;8;3;6;32836;CAT.32836
32;8;3;7;32837;CAT.32837
32;8;3;8;32838;CAT.32838
32;8;3;9;32839;CAT.32839
32;8;4;0;32840;CAT.32840
32;8;4;1;32841;CAT.32841
32;8;4;2;32842;CAT.32842
32;8;5;0;32850;CAT.32850
32;8;5;1;32851;CAT.32851
32;8;6;0;32860;CAT.32860
32;8;6;1;32861;CAT.32861
32;8;6;2;32862;CAT.32862
32;8;6;3;32863;CAT.32863
32;8;6;4;32864;CAT.32864
32;8;6;5;32865;CAT.32865
32;8;6;6;32866;CAT.32866
32;8;6;7;32867;CAT.32867
32;8;9;0;32890;CAT.32890
32;8;9;1;32891;CAT.32891
32;9;0;0;32900;CAT.32900
32;9;0;1;32901;CAT.32901
32;9;0;2;32902;CAT.32902
32;9;0;3;32903;CAT.32903
32;9;0;4;32904;CAT.32904
32;9;0;5;32905;CAT.32905
32;9;0;6;32906;CAT.32906
32;9;0;7;32907;CAT.32907
32;9;0;8;32908;CAT.32908
32;9;0;9;32909;CAT.32909
32;9;1;0;32910;CAT.32910
32;9;1;1;32911;CAT.32911
32;9;1;2;32912;CAT.32912
32;9;1;3;32913;CAT.32913
32;9;1;4;32914;CAT.32914
32;9;1;5;32915;CAT.32915
32;9;1;6;32916;CAT.32916
32;9;1;7;32917;CAT.32917
32;9;1;8;32918;CAT.32918
32;9;1;9;32919;CAT.32919
32;9;2;0;32920;CAT.32920
32;9;2;1;32921;CAT.32921
32;9;2;2;32922;CAT.32922
32;9;2;3;32923;CAT.32923
32;9;2;4;32924;CAT.32924
32;9;2;5;32925;CAT.32925
32;9;2;6;32926;CAT.32926
32;9;2;7;32927;CAT.32927
32;9;3;0;32930;CAT.32930
32;9;3;1;32931;CAT.32931
32;9;3;2;32932;CAT.32932
32;9;3;3;32933;CAT.32933
32;9;3;4;32934;CAT.32934
32;9;3;5;32935;CAT.32935
32;9;4;0;32940;CAT.32940
32;9;4;1;32941;CAT.32941
32;9;4;2;32942;CAT.32942
32;9;4;3;32943;CAT.32943
32;9;4;4;32944;CAT.32944
32;9;4;5;32945;CAT.32945
32;9;5;0;32950;CAT.32950
32;9;5;1;32951;CAT.32951
32;9;5;2;32952;CAT.32952
32;9;5;3;32953;CAT.32953
32;9;5;4;32954;CAT.32954
32;9;6;0;32960;CAT.32960
32;9;6;1;32961;CAT.32961
32;9;6;2;32962;CAT.32962
32;9;6;3;32963;CAT.32963
32;9;6;4;32964;CAT.32964
32;9;6;5;32965;CAT.32965
32;9;6;6;32966;CAT.32966
32;9;6;7;32967;CAT.32967
32;9;6;8;32968;CAT.32968
32;9;6;9;32969;CAT.32969
32;9;7;0;32970;CAT.32970
32;9;7;1;32971;CAT.32971
32;9;8;0;32980;CAT.32980
32;9;8;1;32981;CAT.32981
32;9;9;0;32990;CAT.32990
32;9;9;1;32991;CAT.32991
32;9;9;9;32999;CAT.32999
33;0;0;0;33000;CAT.33000
33;0;0;1;33001;CAT.33001
33;0;0;2;33002;CAT.33002
33;0;0;3;33003;CAT.33003
33;0;0;5;33005;CAT.33005
33;0;0;6;33006;CAT.33006
33;0;1;0;33010;CAT.33010
33;0;1;1;33011;CAT.33011
33;0;1;2;33012;CAT.33012
33;0;2;0;33020;CAT.33020
33;0;2;1;33021;CAT.33021
33;0;3;0;33030;CAT.33030
33;0;3;1;33031;CAT.33031
33;1;0;0;33100;CAT.33100
33;1;0;1;33101;CAT.33101
33;1;0;2;33102;CAT.33102
33;1;0;3;33103;CAT.33103
33;1;0;5;33105;CAT.33105
33;1;0;6;33106;CAT.33106
33;1;1;0;33110;CAT.33110
33;1;1;1;33111;CAT.33111
33;1;3;0;33130;CAT.33130
33;1;4;0;33140;CAT.33140
33;2;0;0;33200;CAT.33200
33;2;1;0;33210;CAT.33210
33;2;2;0;33220;CAT.33220
33;2;2;1;33221;CAT.33221
33;2;2;2;33222;CAT.33222
33;2;3;1;33231;CAT.33231
33;2;3;2;33232;CAT.33232
33;2;3;3;33233;CAT.33233
33;2;3;4;33234;CAT.33234
33;2;5;0;33250;CAT.33250
33;2;5;1;33251;CAT.33251
33;2;5;2;33252;CAT.33252
33;2;5;3;33253;CAT.33253
33;2;5;4;33254;CAT.33254
33;2;5;5;33255;CAT.33255
33;2;5;6;33256;CAT.33256
33;2;5;7;33257;CAT.33257
33;2;5;8;33258;CAT.33258
33;2;5;9;33259;CAT.33259
33;2;6;0;33260;CAT.33260
33;2;6;1;33261;CAT.33261
33;2;7;0;33270;CAT.33270
33;2;8;0;33280;CAT.33280
33;2;8;1;33281;CAT.33281
33;2;8;2;33282;CAT.33282
33;2;8;3;33283;CAT.33283
33;2;8;4;33284;CAT.33284
33;2;8;5;33285;CAT.33285
33;2;9;0;33290;CAT.33290
33;2;9;1;33291;CAT.33291
33;2;9;2;33292;CAT.33292
33;3;0;0;33300;CAT.33300
33;3;0;1;33301;CAT.33301
33;3;0;2;33302;CAT.33302
33;3;0;3;33303;CAT.33303
33;3;0;4;33304;CAT.33304
33;3;0;5;33305;CAT.33305
33;3;1;0;33310;CAT.33310
33;3;1;1;33311;CAT.33311
33;3;1;2;33312;CAT.33312
33;3;1;3;33313;CAT.33313
33;3;1;4;33314;CAT.33314
33;3;2;0;33320;CAT.33320
33;3;2;1;33321;CAT.33321
33;3;3;0;33330;CAT.33330
33;3;3;1;33331;CAT.33331
33;3;3;2;33332;CAT.33332
33;3;3;3;33333;CAT.33333
33;3;3;4;33334;CAT.33334
33;3;3;5;33335;CAT.33335
33;3;3;6;33336;CAT.33336
33;3;3;7;33337;CAT.33337
33;3;3;8;33338;CAT.33338
33;3;3;9;33339;CAT.33339
33;3;4;0;33340;CAT.33340
33;3;4;1;33341;CAT.33341
33;3;4;2;33342;CAT.33342
33;3;4;3;33343;CAT.33343
33;3;5;0;33350;CAT.33350
33;3;5;1;33351;CAT.33351
33;3;5;3;33353;CAT.33353
33;3;5;5;33355;CAT.33355
33;3;5;6;33356;CAT.33356
33;3;6;0;33360;CAT.33360
33;3;6;1;33361;CAT.33361
33;3;6;2;33362;CAT.33362
33;3;6;3;33363;CAT.33363
33;3;6;4;33364;CAT.33364
33;3;6;5;33365;CAT.33365
33;3;6;6;33366;CAT.33366
33;3;6;7;33367;CAT.33367
33;3;6;8;33368;CAT.33368
33;4;0;0;33400;CAT.33400
33;4;0;1;33401;CAT.33401
33;4;0;2;33402;CAT.33402
33;4;1;0;33410;CAT.33410
33;4;1;1;33411;CAT.33411
33;4;1;2;33412;CAT.33412
33;4;1;3;33413;CAT.33413
33;4;1;4;33414;CAT.33414
33;4;1;5;33415;CAT.33415
33;4;9;9;33499;CAT.33499
33;5;0;0;33500;CAT.33500
33;5;0;1;33501;CAT.33501
33;5;0;2;33502;CAT.33502
33;5;1;0;33510;CAT.33510
33;5;1;1;33511;CAT.33511
33;5;1;2;33512;CAT.33512
33;5;1;3;33513;CAT.33513
33;5;1;4;33514;CAT.33514
33;5;1;5;33515;CAT.33515
33;5;2;0;33520;CAT.33520
33;5;2;1;33521;CAT.33521
33;5;2;2;33522;CAT.33522
33;5;2;3;33523;CAT.33523
33;5;2;4;33524;CAT.33524
33;5;3;0;33530;CAT.33530
33;5;4;0;33540;CAT.33540
33;5;4;1;33541;CAT.33541
33;5;4;2;33542;CAT.33542
33;6;0;0;33600;CAT.33600
33;6;0;1;33601;CAT.33601
33;6;0;2;33602;CAT.33602
33;6;0;3;33603;CAT.33603
33;6;0;4;33604;CAT.33604
33;6;0;5;33605;CAT.33605
33;6;0;6;33606;CAT.33606
33;6;1;0;33610;CAT.33610
33;6;1;1;33611;CAT.33611
33;6;1;2;33612;CAT.33612
33;6;1;3;33613;CAT.33613
33;6;1;4;33614;CAT.33614
33;6;2;0;33620;CAT.33620
33;6;2;1;33621;CAT.33621
33;6;2;2;33622;CAT.33622
33;6;2;3;33623;CAT.33623
33;6;2;4;33624;CAT.33624
33;6;2;5;33625;CAT.33625
33;6;3;0;33630;CAT.33630
33;6;3;1;33631;CAT.33631
33;6;3;2;33632;CAT.33632
33;6;3;3;33633;CAT.33633
33;6;3;4;33634;CAT.33634
33;6;3;5;33635;CAT.33635
33;6;3;6;33636;CAT.33636
33;6;3;7;33637;CAT.33637
33;6;3;8;33638;CAT.33638
33;6;3;9;33639;CAT.33639
33;6;4;0;33640;CAT.33640
33;6;4;1;33641;CAT.33641
33;6;4;2;33642;CAT.33642
33;6;5;0;33650;CAT.33650
33;6;5;1;33651;CAT.33651
33;6;5;2;33652;CAT.33652
33;6;6;0;33660;CAT.33660
33;6;6;1;33661;CAT.33661
33;6;6;2;33662;CAT.33662
33;6;7;0;33670;CAT.33670
33;6;7;1;33671;CAT.33671
33;6;8;0;33680;CAT.33680
33;6;8;1;33681;CAT.33681
33;6;8;2;33682;CAT.33682
33;6;8;3;33683;CAT.33683
33;6;8;4;33684;CAT.33684
33;6;8;5;33685;CAT.33685
33;6;8;6;33686;CAT.33686
33;6;8;7;33687;CAT.33687
33;6;9;0;33690;CAT.33690
33;6;9;1;33691;CAT.33691
33;6;9;2;33692;CAT.33692
33;7;0;0;33700;CAT.33700
33;7;0;1;33701;CAT.33701
33;7;0;2;33702;CAT.33702
33;7;0;3;33703;CAT.33703
33;7;0;4;33704;CAT.33704
33;7;1;0;33710;CAT.33710
33;7;1;1;33711;CAT.33711
33;7;1;2;33712;CAT.33712
33;7;1;3;33713;CAT.33713
33;7;2;0;33720;CAT.33720
33;7;3;0;33730;CAT.33730
33;7;4;0;33740;CAT.33740
33;7;4;1;33741;CAT.33741
33;7;4;2;33742;CAT.33742
33;7;4;3;33743;CAT.33743
33;7;5;0;33750;CAT.33750
33;7;5;1;33751;CAT.33751
33;7;5;2;33752;CAT.33752
33;7;6;0;33760;CAT.33760
33;7;6;1;33761;CAT.33761
33;7;6;2;33762;CAT.33762
33;7;6;3;33763;CAT.33763
33;7;6;4;33764;CAT.33764
33;7;7;0;33770;CAT.33770
33;7;7;1;33771;CAT.33771
33;7;8;0;33780;CAT.33780
33;7;8;1;33781;CAT.33781
33;7;8;2;33782;CAT.33782
33;7;8;3;33783;CAT.33783
33;7;8;4;33784;CAT.33784
33;8;0;0;33800;CAT.33800
33;8;0;1;33801;CAT.33801
33;8;0;2;33802;CAT.33802
33;8;1;0;33810;CAT.33810
33;8;1;1;33811;CAT.33811
33;8;1;2;33812;CAT.33812
33;8;1;3;33813;CAT.33813
33;8;1;4;33814;CAT.33814
33;8;2;0;33820;CAT.33820
33;8;2;1;33821;CAT.33821
33;8;2;2;33822;CAT.33822
33;8;3;0;33830;CAT.33830
33;8;3;1;33831;CAT.33831
33;8;3;2;33832;CAT.33832
33;8;3;3;33833;CAT.33833
33;8;3;4;33834;CAT.33834
33;8;4;0;33840;CAT.33840
33;8;4;1;33841;CAT.33841
33;8;4;2;33842;CAT.33842
33;8;4;3;33843;CAT.33843
33;8;4;4;33844;CAT.33844
33;9;8;0;33980;CAT.33980
33;9;8;1;33981;CAT.33981
33;9;9;9;33999;CAT.33999
34;0;0;0;34000;CAT.34000
34;0;0;1;34001;CAT.34001
34;0;0;2;34002;CAT.34002
34;0;0;3;34003;CAT.34003
34;0;0;4;34004;CAT.34004
34;0;0;5;34005;CAT.34005
34;0;0;6;34006;CAT.34006
34;0;0;7;34007;CAT.34007
34;0;0;8;34008;CAT.34008
34;0;0;9;34009;CAT.34009
34;0;1;0;34010;CAT.34010
34;0;1;1;34011;CAT.34011
34;0;1;2;34012;CAT.34012
34;0;1;3;34013;CAT.34013
34;0;1;4;34014;CAT.34014
34;0;1;5;34015;CAT.34015
34;0;1;6;34016;CAT.34016
34;0;2;0;34020;CAT.34020
34;0;2;1;34021;CAT.34021
34;0;2;2;34022;CAT.34022
34;0;2;3;34023;CAT.34023
34;0;2;4;34024;CAT.34024
34;0;2;5;34025;CAT.34025
34;1;0;0;34100;CAT.34100
34;1;0;1;34101;CAT.34101
34;1;1;0;34110;CAT.34110
34;1;1;1;34111;CAT.34111
34;1;2;0;34120;CAT.34120
34;1;2;1;34121;CAT.34121
34;1;2;2;34122;CAT.34122
34;1;3;0;34130;CAT.34130
34;1;3;1;34131;CAT.34131
34;1;3;2;34132;CAT.34132
34;1;3;3;34133;CAT.34133
34;1;3;4;34134;CAT.34134
34;1;4;0;34140;CAT.34140
34;1;4;1;34141;CAT.34141
34;1;4;2;34142;CAT.34142
34;1;4;3;34143;CAT.34143
34;1;4;4;34144;CAT.34144
34;2;0;0;34200;CAT.34200
34;2;0;1;34201;CAT.34201
34;2;0;2;34202;CAT.34202
34;2;0;3;34203;CAT.34203
34;2;1;0;34210;CAT.34210
34;2;1;1;34211;CAT.34211
34;2;1;2;34212;CAT.34212
34;2;1;3;34213;CAT.34213
34;2;1;4;34214;CAT.34214
34;2;1;5;34215;CAT.34215
34;2;2;0;34220;CAT.34220
34;2;2;1;34221;CAT.34221
34;2;2;2;34222;CAT.34222
34;2;2;3;34223;CAT.34223
34;2;2;4;34224;CAT.34224
34;2;3;0;34230;CAT.34230
34;2;3;1;34231;CAT.34231
34;3;0;0;34300;CAT.34300
34;3;0;1;34301;CAT.34301
34;3;0;2;34302;CAT.34302
34;4;0;0;34400;CAT.34400
34;4;0;1;34401;CAT.34401
34;4;0;2;34402;CAT.34402
34;4;0;3;34403;CAT.34403
34;4;1;0;34410;CAT.34410
34;4;1;1;34411;CAT.34411
34;4;2;0;34420;CAT.34420
34;4;2;1;34421;CAT.34421
34;4;3;0;34430;CAT.34430
34;4;3;1;34431;CAT.34431
34;4;3;2;34432;CAT.34432
34;4;3;3;34433;CAT.34433
34;4;8;0;34480;CAT.34480
34;4;8;1;34481;CAT.34481
34;4;9;0;34490;CAT.34490
34;4;9;9;34499;CAT.34499
34;5;0;0;34500;CAT.34500
34;5;0;1;34501;CAT.34501
34;5;0;2;34502;CAT.34502
34;5;0;3;34503;CAT.34503
34;5;1;0;34510;CAT.34510
34;5;1;1;34511;CAT.34511
34;5;1;2;34512;CAT.34512
34;5;2;0;34520;CAT.34520
34;5;3;0;34530;CAT.34530
34;5;3;1;34531;CAT.34531
34;5;3;2;34532;CAT.34532
34;5;3;3;34533;CAT.34533
34;5;4;0;34540;CAT.34540
34;5;4;1;34541;CAT.34541
34;5;4;2;34542;CAT.34542
34;5;4;3;34543;CAT.34543
34;5;5;0;34550;CAT.34550
34;5;5;1;34551;CAT.34551
34;5;6;0;34560;CAT.34560
34;5;7;0;34570;CAT.34570
34;5;7;1;34571;CAT.34571
34;5;7;2;34572;CAT.34572
34;5;8;0;34580;CAT.34580
34;5;8;1;34581;CAT.34581
34;6;0;0;34600;CAT.34600
34;6;0;1;34601;CAT.34601
34;6;0;2;34602;CAT.34602
34;6;0;3;34603;CAT.34603
34;6;1;0;34610;CAT.34610
34;6;1;1;34611;CAT.34611
34;6;1;2;34612;CAT.34612
34;6;1;3;34613;CAT.34613
34;6;1;4;34614;CAT.34614
34;7;0;0;34700;CAT.34700
34;7;0;1;34701;CAT.34701
34;7;0;2;34702;CAT.34702
34;7;0;3;34703;CAT.34703
34;7;1;0;34710;CAT.34710
34;7;1;1;34711;CAT.34711
34;7;1;2;34712;CAT.34712
34;7;1;3;34713;CAT.34713
34;7;1;4;34714;CAT.34714
34;7;1;5;34715;CAT.34715
34;7;1;6;34716;CAT.34716
34;8;0;0;34800;CAT.34800
34;8;0;1;34801;CAT.34801
34;8;0;2;34802;CAT.34802
34;8;1;0;34810;CAT.34810
34;8;1;1;34811;CAT.34811
34;8;1;2;34812;CAT.34812
34;8;1;3;34813;CAT.34813
34;8;1;4;34814;CAT.34814
34;8;1;5;34815;CAT.34815
34;8;2;0;34820;CAT.34820
34;8;2;1;34821;CAT.34821
34;8;2;2;34822;CAT.34822
34;8;2;3;34823;CAT.34823
34;8;2;4;34824;CAT.34824
34;8;2;5;34825;CAT.34825
34;8;2;6;34826;CAT.34826
34;8;2;7;34827;CAT.34827
34;8;2;8;34828;CAT.34828
34;8;3;0;34830;CAT.34830
34;8;3;1;34831;CAT.34831
34;8;3;2;34832;CAT.34832
34;8;3;3;34833;CAT.34833
34;8;3;4;34834;CAT.34834
34;8;3;5;34835;CAT.34835
34;8;4;0;34840;CAT.34840
34;8;4;1;34841;CAT.34841
34;8;5;0;34850;CAT.34850
34;8;5;1;34851;CAT.34851
34;8;5;2;34852;CAT.34852
34;8;5;3;34853;CAT.34853
34;8;6;0;34860;CAT.34860
34;8;6;1;34861;CAT.34861
34;8;6;2;34862;CAT.34862
34;8;6;3;34863;CAT.34863
34;8;6;4;34864;CAT.34864
34;8;7;0;34870;CAT.34870
34;8;7;1;34871;CAT.34871
34;8;7;2;34872;CAT.34872
34;8;7;3;34873;CAT.34873
34;8;7;4;34874;CAT.34874
34;8;8;0;34880;CAT.34880
34;8;8;1;34881;CAT.34881
34;8;8;2;34882;CAT.34882
34;8;8;3;34883;CAT.34883
34;9;0;0;34900;CAT.34900
34;9;0;1;34901;CAT.34901
34;9;0;2;34902;CAT.34902
34;9;0;3;34903;CAT.34903
34;9;0;4;34904;CAT.34904
34;9;1;0;34910;CAT.34910
34;9;1;1;34911;CAT.34911
34;9;1;2;34912;CAT.34912
34;9;1;3;34913;CAT.34913
34;9;1;4;34914;CAT.34914
34;9;1;5;34915;CAT.34915
34;9;2;0;34920;CAT.34920
34;9;2;1;34921;CAT.34921
34;9;2;2;34922;CAT.34922
34;9;2;3;34923;CAT.34923
34;9;2;4;34924;CAT.34924
34;9;2;5;34925;CAT.34925
34;9;2;6;34926;CAT.34926
34;9;2;7;34927;CAT.34927
34;9;3;0;34930;CAT.34930
34;9;3;1;34931;CAT.34931
34;9;3;2;34932;CAT.34932
34;9;3;3;34933;CAT.34933
34;9;3;4;34934;CAT.34934
34;9;3;5;34935;CAT.34935
34;9;4;0;34940;CAT.34940
34;9;4;1;34941;CAT.34941
34;9;4;2;34942;CAT.34942
34;9;4;3;34943;CAT.34943
34;9;4;4;34944;CAT.34944
34;9;5;0;34950;CAT.34950
34;9;5;1;34951;CAT.34951
34;9;5;2;34952;CAT.34952
34;9;5;3;34953;CAT.34953
34;9;5;4;34954;CAT.34954
34;9;5;5;34955;CAT.34955
34;9;5;6;34956;CAT.34956
34;9;6;0;34960;CAT.34960
34;9;6;1;34961;CAT.34961
34;9;6;2;34962;CAT.34962
34;9;6;3;34963;CAT.34963
34;9;6;4;34964;CAT.34964
34;9;6;5;34965;CAT.34965
34;9;7;0;34970;CAT.34970
34;9;7;1;34971;CAT.34971
34;9;7;2;34972;CAT.34972
34;9;7;3;34973;CAT.34973
34;9;7;4;34974;CAT.34974
34;9;7;5;34975;CAT.34975
34;9;8;0;34980;CAT.34980
34;9;8;1;34981;CAT.34981
34;9;8;2;34982;CAT.34982
34;9;8;3;34983;CAT.34983
34;9;8;4;34984;CAT.34984
34;9;9;0;34990;CAT.34990
34;9;9;1;34991;CAT.34991
34;9;9;2;34992;CAT.34992
34;9;9;3;34993;CAT.34993
34;9;9;4;34994;CAT.34994
34;9;9;5;34995;CAT.34995
34;9;9;6;34996;CAT.34996
34;9;9;7;34997;CAT.34997
34;9;9;8;34998;CAT.34998
34;9;9;9;34999;CAT.34999
35;0;0;0;35000;CAT.35000
35;0;0;1;35001;CAT.35001
35;0;0;2;35002;CAT.35002
35;0;0;3;35003;CAT.35003
35;0;0;4;35004;CAT.35004
35;0;0;5;35005;CAT.35005
35;0;1;0;35010;CAT.35010
35;0;1;1;35011;CAT.35011
35;0;2;0;35020;CAT.35020
35;0;2;1;35021;CAT.35021
35;0;2;2;35022;CAT.35022
35;0;3;1;35031;CAT.35031
35;0;3;2;35032;CAT.35032
35;0;3;3;35033;CAT.35033
35;0;3;4;35034;CAT.35034
35;0;3;5;35035;CAT.35035
35;0;3;7;35037;CAT.35037
35;0;3;8;35038;CAT.35038
35;0;4;0;35040;CAT.35040
35;0;4;1;35041;CAT.35041
35;0;4;2;35042;CAT.35042
35;0;4;4;35044;CAT.35044
35;0;4;5;35045;CAT.35045
35;0;4;6;35046;CAT.35046
35;0;4;7;35047;CAT.35047
35;0;5;0;35050;CAT.35050
35;0;5;1;35051;CAT.35051
35;0;5;2;35052;CAT.35052
35;0;6;0;35060;CAT.35060
35;0;7;0;35070;CAT.35070
35;0;7;1;35071;CAT.35071
35;0;7;2;35072;CAT.35072
35;0;8;0;35080;CAT.35080
35;0;8;1;35081;CAT.35081
35;0;8;2;35082;CAT.35082
35;0;8;3;35083;CAT.35083
35;0;8;4;35084;CAT.35084
35;0;8;5;35085;CAT.35085
35;0;9;0;35090;CAT.35090
35;0;9;1;35091;CAT.35091
35;1;0;0;35100;CAT.35100
35;1;0;1;35101;CAT.35101
35;1;0;2;35102;CAT.35102
35;1;1;0;35110;CAT.35110
35;1;1;1;35111;CAT.35111
35;1;1;2;35112;CAT.35112
35;1;1;3;35113;CAT.35113
35;1;2;0;35120;CAT.35120
35;1;2;1;35121;CAT.35121
35;1;3;0;35130;CAT.35130
35;1;3;2;35132;CAT.35132
35;1;4;0;35140;CAT.35140
35;1;4;1;35141;CAT.35141
35;1;4;2;35142;CAT.35142
35;1;5;1;35151;CAT.35151
35;1;5;2;35152;CAT.35152
35;1;5;3;35153;CAT.35153
35;1;5;4;35154;CAT.35154
35;1;6;0;35160;CAT.35160
35;2;0;0;35200;CAT.35200
35;2;0;1;35201;CAT.35201
35;2;0;2;35202;CAT.35202
35;2;1;0;35210;CAT.35210
35;2;1;2;35212;CAT.35212
35;2;2;1;35221;CAT.35221
35;2;3;1;35231;CAT.35231
35;3;0;0;35300;CAT.35300
35;3;0;1;35301;CAT.35301
35;3;0;3;35303;CAT.35303
35;3;0;4;35304;CAT.35304
35;3;1;0;35310;CAT.35310
35;3;1;1;35311;CAT.35311
35;3;1;2;35312;CAT.35312
35;3;1;3;35313;CAT.35313
35;3;1;4;35314;CAT.35314
35;3;2;0;35320;CAT.35320
35;3;2;1;35321;CAT.35321
35;4;0;0;35400;CAT.35400
35;4;0;1;35401;CAT.35401
35;4;0;2;35402;CAT.35402
35;4;0;3;35403;CAT.35403
35;4;0;4;35404;CAT.35404
35;4;0;5;35405;CAT.35405
35;4;0;6;35406;CAT.35406
35;4;0;7;35407;CAT.35407
35;4;1;0;35410;CAT.35410
35;4;1;1;35411;CAT.35411
35;4;1;3;35413;CAT.35413
35;4;1;4;35414;CAT.35414
35;4;2;0;35420;CAT.35420
35;4;2;1;35421;CAT.35421
35;4;2;2;35422;CAT.35422
35;4;2;3;35423;CAT.35423
35;4;2;4;35424;CAT.35424
35;4;2;5;35425;CAT.35425
35;4;2;6;35426;CAT.35426
35;4;2;7;35427;CAT.35427
35;4;9;9;35499;CAT.35499
35;5;0;0;35500;CAT.35500
35;5;1;0;35510;CAT.35510
35;5;1;1;35511;CAT.35511
35;5;1;2;35512;CAT.35512
35;5;2;0;35520;CAT.35520
35;6;0;0;35600;CAT.35600
35;6;0;1;35601;CAT.35601
35;6;0;2;35602;CAT.35602
35;6;0;3;35603;CAT.35603
35;6;0;4;35604;CAT.35604
35;6;0;5;35605;CAT.35605
35;6;2;0;35620;CAT.35620
35;6;3;0;35630;CAT.35630
35;6;3;2;35632;CAT.35632
35;6;3;3;35633;CAT.35633
35;6;3;4;35634;CAT.35634
35;6;3;5;35635;CAT.35635
35;6;3;6;35636;CAT.35636
35;6;3;7;35637;CAT.35637
35;6;4;0;35640;CAT.35640
35;6;4;1;35641;CAT.35641
35;7;0;0;35700;CAT.35700
35;7;0;1;35701;CAT.35701
35;7;0;2;35702;CAT.35702
35;7;1;0;35710;CAT.35710
35;7;1;1;35711;CAT.35711
35;7;2;0;35720;CAT.35720
35;7;2;1;35721;CAT.35721
35;7;2;3;35723;CAT.35723
35;7;2;4;35724;CAT.35724
35;7;2;5;35725;CAT.35725
35;7;3;0;35730;CAT.35730
35;7;3;1;35731;CAT.35731
35;7;3;2;35732;CAT.35732
35;7;4;0;35740;CAT.35740
35;7;4;1;35741;CAT.35741
35;7;5;0;35750;CAT.35750
35;7;7;0;35770;CAT.35770
35;7;7;1;35771;CAT.35771
35;7;7;2;35772;CAT.35772
35;7;7;3;35773;CAT.35773
35;7;7;4;35774;CAT.35774
35;7;8;0;35780;CAT.35780
35;7;9;0;35790;CAT.35790
35;7;9;1;35791;CAT.35791
35;7;9;2;35792;CAT.35792
35;7;9;3;35793;CAT.35793
35;8;9;0;35890;CAT.35890
35;8;9;1;35891;CAT.35891
35;9;0;0;35900;CAT.35900
35;9;9;9;35999;CAT.35999
